温度1-1,18.6,2023-03-19 11:51:56
湿度1-1,13.2,2023-03-19 11:51:56
温度1-1,18.3,2023-03-19 11:46:56
湿度1-1,13.2,2023-03-19 11:46:56
温度1-1,18.1,2023-03-19 11:41:56
湿度1-1,13.4,2023-03-19 11:41:56
温度1-1,18.0,2023-03-19 11:36:56
湿度1-1,13.1,2023-03-19 11:36:56
温度1-1,17.7,2023-03-19 11:31:56
湿度1-1,13.4,2023-03-19 11:31:56
温度1-1,17.5,2023-03-19 11:26:56
湿度1-1,13.1,2023-03-19 11:26:56
温度1-1,17.3,2023-03-19 11:21:56
湿度1-1,13.1,2023-03-19 11:21:56
温度1-1,17.0,2023-03-19 11:16:56
湿度1-1,13.1,2023-03-19 11:16:56
温度1-1,16.8,2023-03-19 11:11:56
湿度1-1,13.0,2023-03-19 11:11:56
温度1-1,16.6,2023-03-19 11:06:56
湿度1-1,13.1,2023-03-19 11:06:56
温度1-1,16.3,2023-03-19 11:01:56
湿度1-1,13.0,2023-03-19 11:01:56
温度1-1,16.2,2023-03-19 10:56:56
湿度1-1,13.2,2023-03-19 10:56:56
温度1-1,15.9,2023-03-19 10:51:56
湿度1-1,13.0,2023-03-19 10:51:56
温度1-1,15.7,2023-03-19 10:46:56
湿度1-1,13.0,2023-03-19 10:46:56
温度1-1,15.5,2023-03-19 10:41:56
湿度1-1,12.8,2023-03-19 10:41:56
温度1-1,15.3,2023-03-19 10:36:56
湿度1-1,12.5,2023-03-19 10:36:56
温度1-1,15.1,2023-03-19 10:31:56
湿度1-1,13.0,2023-03-19 10:31:56
温度1-1,14.9,2023-03-19 10:26:56
湿度1-1,13.4,2023-03-19 10:26:56
温度1-1,14.6,2023-03-19 10:21:56
湿度1-1,12.9,2023-03-19 10:21:56
温度1-1,14.5,2023-03-19 10:16:56
湿度1-1,12.8,2023-03-19 10:16:56
温度1-1,14.2,2023-03-19 10:11:56
湿度1-1,12.9,2023-03-19 10:11:56
温度1-1,13.9,2023-03-19 10:06:56
湿度1-1,12.8,2023-03-19 10:06:56
温度1-1,13.8,2023-03-19 10:01:56
湿度1-1,12.9,2023-03-19 10:01:56
温度1-1,13.6,2023-03-19 09:56:56
湿度1-1,12.7,2023-03-19 09:56:56
温度1-1,13.4,2023-03-19 09:51:56
湿度1-1,12.9,2023-03-19 09:51:56
温度1-1,13.3,2023-03-19 09:46:56
湿度1-1,13.2,2023-03-19 09:46:56
温度1-1,13.1,2023-03-19 09:41:56
湿度1-1,12.5,2023-03-19 09:41:56
温度1-1,12.9,2023-03-19 09:36:56
湿度1-1,12.4,2023-03-19 09:36:56
温度1-1,12.8,2023-03-19 09:31:56
湿度1-1,12.8,2023-03-19 09:31:56
温度1-1,12.6,2023-03-19 09:26:56
湿度1-1,12.7,2023-03-19 09:26:56
温度1-1,12.5,2023-03-19 09:21:56
湿度1-1,12.5,2023-03-19 09:21:56
温度1-1,12.4,2023-03-19 09:16:56
湿度1-1,12.3,2023-03-19 09:16:56
温度1-1,12.2,2023-03-19 09:11:56
湿度1-1,12.6,2023-03-19 09:11:56
温度1-1,12.1,2023-03-19 09:06:56
湿度1-1,12.8,2023-03-19 09:06:56
温度1-1,12.0,2023-03-19 09:01:56
湿度1-1,12.5,2023-03-19 09:01:56
温度1-1,11.9,2023-03-19 08:56:56
湿度1-1,12.5,2023-03-19 08:56:56
温度1-1,11.7,2023-03-19 08:51:56
湿度1-1,11.8,2023-03-19 08:51:56
温度1-1,11.5,2023-03-19 08:46:56
湿度1-1,12.4,2023-03-19 08:46:56
温度1-1,12.0,2023-03-19 08:21:00
湿度1-1,12.2,2023-03-19 08:21:00
温度1-1,12.0,2023-03-19 08:16:00
湿度1-1,12.2,2023-03-19 08:16:00
温度1-1,12.0,2023-03-19 08:11:00
湿度1-1,12.6,2023-03-19 08:11:00
温度1-1,12.0,2023-03-19 08:06:00
湿度1-1,12.8,2023-03-19 08:06:00
温度1-1,12.1,2023-03-19 08:01:00
湿度1-1,12.7,2023-03-19 08:01:00
温度1-1,12.0,2023-03-19 07:56:00
湿度1-1,12.7,2023-03-19 07:56:00
温度1-1,12.1,2023-03-19 07:51:00
湿度1-1,12.7,2023-03-19 07:51:00
温度1-1,12.1,2023-03-19 07:46:00
湿度1-1,13.5,2023-03-19 07:46:00
温度1-1,12.1,2023-03-19 07:41:00
湿度1-1,12.6,2023-03-19 07:41:00
温度1-1,12.1,2023-03-19 07:36:00
湿度1-1,12.7,2023-03-19 07:36:00
温度1-1,12.2,2023-03-19 07:31:00
湿度1-1,12.0,2023-03-19 07:31:00
温度1-1,12.2,2023-03-19 07:26:00
湿度1-1,12.0,2023-03-19 07:26:00
温度1-1,12.2,2023-03-19 07:21:00
湿度1-1,13.0,2023-03-19 07:21:00
温度1-1,12.2,2023-03-19 07:16:00
湿度1-1,12.8,2023-03-19 07:16:00
温度1-1,12.2,2023-03-19 07:11:00
湿度1-1,12.9,2023-03-19 07:11:00
温度1-1,12.3,2023-03-19 07:06:00
湿度1-1,12.7,2023-03-19 07:06:00
温度1-1,12.3,2023-03-19 07:01:00
湿度1-1,13.2,2023-03-19 07:01:00
温度1-1,12.3,2023-03-19 06:56:00
湿度1-1,12.0,2023-03-19 06:56:00
温度1-1,12.3,2023-03-19 06:51:00
湿度1-1,12.8,2023-03-19 06:51:00
温度1-1,12.3,2023-03-19 06:46:00
湿度1-1,12.5,2023-03-19 06:46:00
温度1-1,12.4,2023-03-19 06:41:00
湿度1-1,13.1,2023-03-19 06:41:00
温度1-1,12.4,2023-03-19 06:36:00
湿度1-1,12.8,2023-03-19 06:36:00
温度1-1,12.4,2023-03-19 06:31:00
湿度1-1,12.7,2023-03-19 06:31:00
温度1-1,12.4,2023-03-19 06:26:00
湿度1-1,12.8,2023-03-19 06:26:00
温度1-1,12.5,2023-03-19 06:21:00
湿度1-1,12.5,2023-03-19 06:21:00
温度1-1,12.5,2023-03-19 06:16:00
湿度1-1,12.9,2023-03-19 06:16:00
温度1-1,12.5,2023-03-19 06:11:00
湿度1-1,13.4,2023-03-19 06:11:00
温度1-1,12.5,2023-03-19 06:06:00
湿度1-1,12.8,2023-03-19 06:06:00
温度1-1,12.5,2023-03-19 06:01:00
湿度1-1,12.7,2023-03-19 06:01:00
温度1-1,12.6,2023-03-19 05:56:00
湿度1-1,13.0,2023-03-19 05:56:00
温度1-1,12.6,2023-03-19 05:51:00
湿度1-1,12.9,2023-03-19 05:51:00
温度1-1,12.6,2023-03-19 05:46:00
湿度1-1,12.9,2023-03-19 05:46:00
温度1-1,12.6,2023-03-19 05:41:00
湿度1-1,12.9,2023-03-19 05:41:00
温度1-1,12.6,2023-03-19 05:36:00
湿度1-1,12.7,2023-03-19 05:36:00
温度1-1,12.6,2023-03-19 05:31:00
湿度1-1,12.7,2023-03-19 05:31:00
温度1-1,12.6,2023-03-19 05:26:00
湿度1-1,13.9,2023-03-19 05:26:00
温度1-1,12.7,2023-03-19 05:21:00
湿度1-1,12.9,2023-03-19 05:21:00
温度1-1,12.7,2023-03-19 05:16:00
湿度1-1,13.1,2023-03-19 05:16:00
温度1-1,12.7,2023-03-19 05:11:00
湿度1-1,12.9,2023-03-19 05:11:00
温度1-1,12.8,2023-03-19 05:06:00
湿度1-1,13.0,2023-03-19 05:06:00
温度1-1,12.8,2023-03-19 05:01:00
湿度1-1,13.0,2023-03-19 05:01:00
温度1-1,12.8,2023-03-19 04:56:00
湿度1-1,13.4,2023-03-19 04:56:00
温度1-1,12.8,2023-03-19 04:51:00
湿度1-1,12.9,2023-03-19 04:51:00
温度1-1,12.8,2023-03-19 04:46:00
湿度1-1,13.2,2023-03-19 04:46:00
温度1-1,12.9,2023-03-19 04:41:00
湿度1-1,12.9,2023-03-19 04:41:00
温度1-1,12.9,2023-03-19 04:36:00
湿度1-1,12.9,2023-03-19 04:36:00
温度1-1,12.9,2023-03-19 04:31:00
湿度1-1,12.7,2023-03-19 04:31:00
温度1-1,12.9,2023-03-19 04:26:00
湿度1-1,13.0,2023-03-19 04:26:00
温度1-1,13.0,2023-03-19 04:21:00
湿度1-1,13.0,2023-03-19 04:21:00
温度1-1,13.0,2023-03-19 04:16:00
湿度1-1,13.0,2023-03-19 04:16:00
温度1-1,13.0,2023-03-19 04:11:00
湿度1-1,12.8,2023-03-19 04:11:00
温度1-1,13.1,2023-03-19 04:06:00
湿度1-1,12.9,2023-03-19 04:06:00
温度1-1,13.1,2023-03-19 04:01:00
湿度1-1,12.9,2023-03-19 04:01:00
温度1-1,13.1,2023-03-19 03:56:00
湿度1-1,12.9,2023-03-19 03:56:00
温度1-1,13.1,2023-03-19 03:51:00
湿度1-1,13.1,2023-03-19 03:51:00
温度1-1,13.2,2023-03-19 03:46:00
湿度1-1,12.7,2023-03-19 03:46:00
温度1-1,13.2,2023-03-19 03:41:00
湿度1-1,13.0,2023-03-19 03:41:00
温度1-1,13.2,2023-03-19 03:36:00
湿度1-1,13.0,2023-03-19 03:36:00
温度1-1,13.2,2023-03-19 03:31:00
湿度1-1,13.0,2023-03-19 03:31:00
温度1-1,13.3,2023-03-19 03:26:00
湿度1-1,13.5,2023-03-19 03:26:00
温度1-1,13.3,2023-03-19 03:21:00
湿度1-1,13.0,2023-03-19 03:21:00
温度1-1,13.3,2023-03-19 03:16:00
湿度1-1,13.1,2023-03-19 03:16:00
温度1-1,13.3,2023-03-19 03:11:00
湿度1-1,13.1,2023-03-19 03:11:00
温度1-1,13.4,2023-03-19 03:06:00
湿度1-1,13.0,2023-03-19 03:06:00
温度1-1,13.4,2023-03-19 03:01:00
湿度1-1,12.9,2023-03-19 03:01:00
温度1-1,13.4,2023-03-19 02:56:00
湿度1-1,13.4,2023-03-19 02:56:00
温度1-1,13.4,2023-03-19 02:51:00
湿度1-1,13.1,2023-03-19 02:51:00
温度1-1,13.5,2023-03-19 02:46:00
湿度1-1,12.6,2023-03-19 02:46:00
温度1-1,13.5,2023-03-19 02:41:00
湿度1-1,12.5,2023-03-19 02:41:00
温度1-1,13.5,2023-03-19 02:36:00
湿度1-1,13.4,2023-03-19 02:36:00
温度1-1,13.5,2023-03-19 02:31:00
湿度1-1,13.4,2023-03-19 02:31:00
温度1-1,13.5,2023-03-19 02:26:00
湿度1-1,13.5,2023-03-19 02:26:00
温度1-1,13.5,2023-03-19 02:21:00
湿度1-1,13.2,2023-03-19 02:21:00
温度1-1,13.6,2023-03-19 02:16:00
湿度1-1,13.3,2023-03-19 02:16:00
温度1-1,13.6,2023-03-19 02:11:00
湿度1-1,13.2,2023-03-19 02:11:00
温度1-1,13.7,2023-03-19 02:06:00
湿度1-1,12.7,2023-03-19 02:06:00
温度1-1,13.7,2023-03-19 02:01:00
湿度1-1,12.9,2023-03-19 02:01:00
温度1-1,13.7,2023-03-19 01:56:00
湿度1-1,13.1,2023-03-19 01:56:00
温度1-1,13.7,2023-03-19 01:51:00
湿度1-1,12.5,2023-03-19 01:51:00
温度1-1,13.7,2023-03-19 01:46:00
湿度1-1,12.8,2023-03-19 01:46:00
温度1-1,13.8,2023-03-19 01:41:00
湿度1-1,13.3,2023-03-19 01:41:00
温度1-1,13.8,2023-03-19 01:36:00
湿度1-1,13.7,2023-03-19 01:36:00
温度1-1,13.8,2023-03-19 01:31:00
湿度1-1,13.0,2023-03-19 01:31:00
温度1-1,13.8,2023-03-19 01:26:00
湿度1-1,13.2,2023-03-19 01:26:00
温度1-1,13.9,2023-03-19 01:21:00
湿度1-1,13.2,2023-03-19 01:21:00
温度1-1,13.9,2023-03-19 01:16:00
湿度1-1,13.0,2023-03-19 01:16:00
温度1-1,13.9,2023-03-19 01:11:00
湿度1-1,13.7,2023-03-19 01:11:00
温度1-1,13.9,2023-03-19 01:06:00
湿度1-1,12.9,2023-03-19 01:06:00
温度1-1,13.9,2023-03-19 01:01:00
湿度1-1,13.1,2023-03-19 01:01:00
温度1-1,14.0,2023-03-19 00:56:00
湿度1-1,13.2,2023-03-19 00:56:00
温度1-1,14.0,2023-03-19 00:51:00
湿度1-1,13.6,2023-03-19 00:51:00
温度1-1,14.0,2023-03-19 00:46:00
湿度1-1,13.4,2023-03-19 00:46:00
温度1-1,14.1,2023-03-19 00:41:00
湿度1-1,13.3,2023-03-19 00:41:00
温度1-1,14.1,2023-03-19 00:36:00
湿度1-1,13.9,2023-03-19 00:36:00
温度1-1,14.1,2023-03-19 00:31:00
湿度1-1,13.3,2023-03-19 00:31:00
温度1-1,14.1,2023-03-19 00:26:00
湿度1-1,13.4,2023-03-19 00:26:00
温度1-1,14.1,2023-03-19 00:21:00
湿度1-1,13.4,2023-03-19 00:21:00
温度1-1,14.2,2023-03-19 00:16:00
湿度1-1,12.6,2023-03-19 00:16:00
温度1-1,14.2,2023-03-19 00:11:00
湿度1-1,13.3,2023-03-19 00:11:00
温度1-1,14.2,2023-03-19 00:06:00
湿度1-1,13.3,2023-03-19 00:06:00
温度1-1,14.3,2023-03-19 00:01:00
湿度1-1,12.9,2023-03-19 00:01:00
温度1-1,14.3,2023-03-18 23:56:00
湿度1-1,13.6,2023-03-18 23:56:00
温度1-1,14.3,2023-03-18 23:51:00
湿度1-1,13.7,2023-03-18 23:51:00
温度1-1,14.3,2023-03-18 23:46:00
湿度1-1,12.9,2023-03-18 23:46:00
温度1-1,14.3,2023-03-18 23:41:00
湿度1-1,13.6,2023-03-18 23:41:00
温度1-1,14.3,2023-03-18 23:36:00
湿度1-1,13.4,2023-03-18 23:36:00
温度1-1,14.3,2023-03-18 23:31:00
湿度1-1,13.4,2023-03-18 23:31:00
温度1-1,14.2,2023-03-18 23:26:00
湿度1-1,13.4,2023-03-18 23:26:00
温度1-1,14.1,2023-03-18 23:21:00
湿度1-1,13.2,2023-03-18 23:21:00
温度1-1,14.8,2023-03-18 22:56:46
湿度1-1,13.9,2023-03-18 22:56:46
温度1-1,14.8,2023-03-18 22:51:46
湿度1-1,13.9,2023-03-18 22:51:46
温度1-1,14.8,2023-03-18 22:46:46
湿度1-1,12.9,2023-03-18 22:46:46
温度1-1,14.8,2023-03-18 22:41:46
湿度1-1,13.9,2023-03-18 22:41:46
温度1-1,14.8,2023-03-18 22:36:46
湿度1-1,13.6,2023-03-18 22:36:46
温度1-1,14.9,2023-03-18 22:31:46
湿度1-1,13.4,2023-03-18 22:31:46
温度1-1,14.9,2023-03-18 22:26:46
湿度1-1,13.7,2023-03-18 22:26:46
温度1-1,14.9,2023-03-18 22:21:46
湿度1-1,13.5,2023-03-18 22:21:46
温度1-1,14.9,2023-03-18 22:16:46
湿度1-1,13.5,2023-03-18 22:16:46
温度1-1,14.9,2023-03-18 22:11:46
湿度1-1,13.6,2023-03-18 22:11:46
温度1-1,15.0,2023-03-18 22:06:46
湿度1-1,13.6,2023-03-18 22:06:46
温度1-1,15.0,2023-03-18 22:01:46
湿度1-1,13.6,2023-03-18 22:01:46
温度1-1,15.0,2023-03-18 21:56:46
湿度1-1,13.5,2023-03-18 21:56:46
温度1-1,15.1,2023-03-18 21:51:46
湿度1-1,13.0,2023-03-18 21:51:46
温度1-1,15.1,2023-03-18 21:46:46
湿度1-1,13.6,2023-03-18 21:46:46
温度1-1,15.1,2023-03-18 21:41:46
湿度1-1,13.7,2023-03-18 21:41:46
温度1-1,15.2,2023-03-18 21:36:46
湿度1-1,13.5,2023-03-18 21:36:46
温度1-1,15.2,2023-03-18 21:31:46
湿度1-1,14.4,2023-03-18 21:31:46
温度1-1,15.2,2023-03-18 21:26:46
湿度1-1,13.7,2023-03-18 21:26:46
温度1-1,15.3,2023-03-18 21:21:46
湿度1-1,13.7,2023-03-18 21:21:46
温度1-1,15.3,2023-03-18 21:16:46
湿度1-1,13.5,2023-03-18 21:16:46
温度1-1,15.3,2023-03-18 21:11:46
湿度1-1,13.6,2023-03-18 21:11:46
温度1-1,15.3,2023-03-18 21:06:46
湿度1-1,13.7,2023-03-18 21:06:46
温度1-1,15.4,2023-03-18 21:01:46
湿度1-1,13.7,2023-03-18 21:01:46
温度1-1,15.4,2023-03-18 20:56:46
湿度1-1,13.4,2023-03-18 20:56:46
温度1-1,15.4,2023-03-18 20:51:46
湿度1-1,13.8,2023-03-18 20:51:46
温度1-1,15.5,2023-03-18 20:46:46
湿度1-1,13.8,2023-03-18 20:46:46
温度1-1,15.5,2023-03-18 20:41:46
湿度1-1,13.9,2023-03-18 20:41:46
温度1-1,15.5,2023-03-18 20:36:46
湿度1-1,14.5,2023-03-18 20:36:46
温度1-1,15.6,2023-03-18 20:31:46
湿度1-1,14.1,2023-03-18 20:31:46
温度1-1,15.6,2023-03-18 20:26:46
湿度1-1,13.9,2023-03-18 20:26:46
温度1-1,15.6,2023-03-18 20:21:46
湿度1-1,13.9,2023-03-18 20:21:46
温度1-1,15.7,2023-03-18 20:16:46
湿度1-1,13.7,2023-03-18 20:16:46
温度1-1,15.7,2023-03-18 20:11:46
湿度1-1,13.7,2023-03-18 20:11:46
温度1-1,15.7,2023-03-18 20:06:46
湿度1-1,14.2,2023-03-18 20:06:46
温度1-1,15.8,2023-03-18 20:01:46
湿度1-1,13.9,2023-03-18 20:01:46
温度1-1,15.9,2023-03-18 19:56:46
湿度1-1,13.9,2023-03-18 19:56:46
温度1-1,16.0,2023-03-18 19:51:46
湿度1-1,13.9,2023-03-18 19:51:46
温度1-1,16.0,2023-03-18 19:46:46
湿度1-1,13.9,2023-03-18 19:46:46
温度1-1,16.0,2023-03-18 19:41:46
湿度1-1,13.9,2023-03-18 19:41:46
温度1-1,16.1,2023-03-18 19:36:46
湿度1-1,14.2,2023-03-18 19:36:46
温度1-1,16.2,2023-03-18 19:31:46
湿度1-1,14.0,2023-03-18 19:31:46
温度1-1,16.3,2023-03-18 19:26:46
湿度1-1,13.9,2023-03-18 19:26:46
温度1-1,16.3,2023-03-18 19:21:46
湿度1-1,13.9,2023-03-18 19:21:46
温度1-1,16.4,2023-03-18 19:16:46
湿度1-1,14.0,2023-03-18 19:16:46
温度1-1,16.5,2023-03-18 19:11:46
湿度1-1,14.0,2023-03-18 19:11:46
温度1-1,16.6,2023-03-18 19:06:46
湿度1-1,14.0,2023-03-18 19:06:46
温度1-1,16.7,2023-03-18 19:01:46
湿度1-1,13.9,2023-03-18 19:01:46
温度1-1,16.8,2023-03-18 18:56:46
湿度1-1,14.0,2023-03-18 18:56:46
温度1-1,16.9,2023-03-18 18:51:46
湿度1-1,14.1,2023-03-18 18:51:46
温度1-1,17.0,2023-03-18 18:46:46
湿度1-1,14.4,2023-03-18 18:46:46
温度1-1,17.2,2023-03-18 18:41:46
湿度1-1,14.2,2023-03-18 18:41:46
温度1-1,17.3,2023-03-18 18:36:46
湿度1-1,14.1,2023-03-18 18:36:46
温度1-1,17.5,2023-03-18 18:31:46
湿度1-1,14.2,2023-03-18 18:31:46
温度1-1,17.6,2023-03-18 18:26:46
湿度1-1,13.6,2023-03-18 18:26:46
温度1-1,17.8,2023-03-18 18:21:46
湿度1-1,13.6,2023-03-18 18:21:46
温度1-1,17.9,2023-03-18 18:16:46
湿度1-1,13.0,2023-03-18 18:16:46
温度1-1,18.0,2023-03-18 18:11:46
湿度1-1,12.6,2023-03-18 18:11:46
温度1-1,18.0,2023-03-18 18:06:46
湿度1-1,12.5,2023-03-18 18:06:46
温度1-1,18.1,2023-03-18 18:01:46
湿度1-1,12.5,2023-03-18 18:01:46
温度1-1,18.1,2023-03-18 17:56:46
湿度1-1,13.0,2023-03-18 17:56:46
温度1-1,18.2,2023-03-18 17:51:46
湿度1-1,12.6,2023-03-18 17:51:46
温度1-1,18.2,2023-03-18 17:46:46
湿度1-1,12.7,2023-03-18 17:46:46
温度1-1,18.3,2023-03-18 17:41:46
湿度1-1,12.5,2023-03-18 17:41:46
温度1-1,18.3,2023-03-18 17:36:46
湿度1-1,12.7,2023-03-18 17:36:46
温度1-1,18.3,2023-03-18 17:31:46
湿度1-1,12.9,2023-03-18 17:31:46
温度1-1,18.4,2023-03-18 17:26:46
湿度1-1,12.5,2023-03-18 17:26:46
温度1-1,18.4,2023-03-18 17:21:46
湿度1-1,12.7,2023-03-18 17:21:46
温度1-1,18.4,2023-03-18 17:16:46
湿度1-1,12.6,2023-03-18 17:16:46
温度1-1,18.4,2023-03-18 17:11:46
湿度1-1,12.7,2023-03-18 17:11:46
温度1-1,18.4,2023-03-18 17:06:46
湿度1-1,12.9,2023-03-18 17:06:46
温度1-1,18.5,2023-03-18 17:01:46
湿度1-1,12.6,2023-03-18 17:01:46
温度1-1,18.5,2023-03-18 16:56:46
湿度1-1,12.1,2023-03-18 16:56:46
温度1-1,18.5,2023-03-18 16:51:46
湿度1-1,12.7,2023-03-18 16:51:46
温度1-1,18.5,2023-03-18 16:46:46
湿度1-1,13.0,2023-03-18 16:46:46
温度1-1,18.5,2023-03-18 16:41:46
湿度1-1,12.7,2023-03-18 16:41:46
温度1-1,18.5,2023-03-18 16:36:46
湿度1-1,12.8,2023-03-18 16:36:46
温度1-1,18.5,2023-03-18 16:31:46
湿度1-1,12.7,2023-03-18 16:31:46
温度1-1,18.5,2023-03-18 16:26:46
湿度1-1,12.3,2023-03-18 16:26:46
温度1-1,18.6,2023-03-18 16:21:46
湿度1-1,12.8,2023-03-18 16:21:46
温度1-1,18.6,2023-03-18 16:16:46
湿度1-1,12.7,2023-03-18 16:16:46
温度1-1,18.6,2023-03-18 16:11:46
湿度1-1,12.9,2023-03-18 16:11:46
温度1-1,18.7,2023-03-18 16:06:46
湿度1-1,12.8,2023-03-18 16:06:46
温度1-1,18.8,2023-03-18 16:01:46
湿度1-1,12.8,2023-03-18 16:01:46
温度1-1,18.8,2023-03-18 15:56:46
湿度1-1,13.4,2023-03-18 15:56:46
温度1-1,18.9,2023-03-18 15:51:46
湿度1-1,12.8,2023-03-18 15:51:46
温度1-1,18.9,2023-03-18 15:46:46
湿度1-1,12.5,2023-03-18 15:46:46
温度1-1,19.0,2023-03-18 15:41:46
湿度1-1,12.9,2023-03-18 15:41:46
温度1-1,19.0,2023-03-18 15:36:46
湿度1-1,12.8,2023-03-18 15:36:46
温度1-1,19.1,2023-03-18 15:31:46
湿度1-1,12.9,2023-03-18 15:31:46
温度1-1,19.1,2023-03-18 15:26:46
湿度1-1,13.3,2023-03-18 15:26:46
温度1-1,19.1,2023-03-18 15:21:46
湿度1-1,13.1,2023-03-18 15:21:46
温度1-1,19.1,2023-03-18 15:16:46
湿度1-1,13.0,2023-03-18 15:16:46
温度1-1,19.2,2023-03-18 15:11:46
湿度1-1,12.8,2023-03-18 15:11:46
温度1-1,19.3,2023-03-18 15:06:46
湿度1-1,13.0,2023-03-18 15:06:46
温度1-1,19.3,2023-03-18 15:01:46
湿度1-1,13.0,2023-03-18 15:01:46
温度1-1,19.3,2023-03-18 14:56:46
湿度1-1,12.7,2023-03-18 14:56:46
温度1-1,19.4,2023-03-18 14:51:46
湿度1-1,13.0,2023-03-18 14:51:46
温度1-1,19.4,2023-03-18 14:46:46
湿度1-1,13.0,2023-03-18 14:46:46
温度1-1,19.4,2023-03-18 14:41:46
湿度1-1,12.7,2023-03-18 14:41:46
温度1-1,19.4,2023-03-18 14:36:46
湿度1-1,13.1,2023-03-18 14:36:46
温度1-1,19.4,2023-03-18 14:31:45
湿度1-1,12.9,2023-03-18 14:31:45
温度1-1,19.4,2023-03-18 14:26:45
湿度1-1,13.1,2023-03-18 14:26:45
温度1-1,19.4,2023-03-18 14:21:45
湿度1-1,13.1,2023-03-18 14:21:45
温度1-1,19.3,2023-03-18 14:16:45
湿度1-1,13.1,2023-03-18 14:16:45
温度1-1,19.3,2023-03-18 14:11:45
湿度1-1,13.0,2023-03-18 14:11:45
温度1-1,19.2,2023-03-18 14:06:45
湿度1-1,13.2,2023-03-18 14:06:45
温度1-1,19.1,2023-03-18 14:01:45
湿度1-1,12.8,2023-03-18 14:01:45
温度1-1,19.1,2023-03-18 13:56:45
湿度1-1,13.0,2023-03-18 13:56:45
温度1-1,19.1,2023-03-18 13:51:45
湿度1-1,13.2,2023-03-18 13:51:45
温度1-1,19.0,2023-03-18 13:46:45
湿度1-1,12.8,2023-03-18 13:46:45
温度1-1,18.9,2023-03-18 13:41:45
湿度1-1,12.9,2023-03-18 13:41:45
温度1-1,18.9,2023-03-18 13:36:45
湿度1-1,12.5,2023-03-18 13:36:45
温度1-1,18.8,2023-03-18 13:31:45
湿度1-1,13.0,2023-03-18 13:31:45
温度1-1,18.7,2023-03-18 13:26:45
湿度1-1,13.0,2023-03-18 13:26:45
温度1-1,18.6,2023-03-18 13:21:45
湿度1-1,12.8,2023-03-18 13:21:45
温度1-1,18.5,2023-03-18 13:16:45
湿度1-1,13.1,2023-03-18 13:16:45
温度1-1,18.4,2023-03-18 13:11:45
湿度1-1,13.0,2023-03-18 13:11:45
温度1-1,18.3,2023-03-18 13:06:45
湿度1-1,13.3,2023-03-18 13:06:45
温度1-1,18.3,2023-03-18 13:01:45
湿度1-1,13.1,2023-03-18 13:01:45
温度1-1,18.3,2023-03-18 12:56:45
湿度1-1,12.5,2023-03-18 12:56:45
温度1-1,18.2,2023-03-18 12:51:45
湿度1-1,13.0,2023-03-18 12:51:45
温度1-1,18.2,2023-03-18 12:46:45
湿度1-1,13.0,2023-03-18 12:46:45
温度1-1,18.1,2023-03-18 12:41:45
湿度1-1,12.9,2023-03-18 12:41:45
温度1-1,18.0,2023-03-18 12:36:45
湿度1-1,12.7,2023-03-18 12:36:45
温度1-1,18.0,2023-03-18 12:31:45
湿度1-1,12.7,2023-03-18 12:31:45
温度1-1,17.9,2023-03-18 12:26:45
湿度1-1,12.9,2023-03-18 12:26:45
温度1-1,17.8,2023-03-18 12:21:45
湿度1-1,12.9,2023-03-18 12:21:45
温度1-1,17.8,2023-03-18 12:16:45
湿度1-1,12.3,2023-03-18 12:16:45
温度1-1,17.7,2023-03-18 12:11:45
湿度1-1,12.9,2023-03-18 12:11:45
温度1-1,17.6,2023-03-18 12:06:45
湿度1-1,13.0,2023-03-18 12:06:45
温度1-1,17.6,2023-03-18 12:01:45
湿度1-1,12.9,2023-03-18 12:01:45
温度1-1,17.5,2023-03-18 11:56:45
湿度1-1,13.5,2023-03-18 11:56:45
温度2-2,14.9,2023-03-19 11:51:56
湿度2-2,11.4,2023-03-19 11:51:56
温度2-2,14.8,2023-03-19 11:46:56
湿度2-2,11.5,2023-03-19 11:46:56
温度2-2,14.7,2023-03-19 11:41:56
湿度2-2,11.4,2023-03-19 11:41:56
温度2-2,14.6,2023-03-19 11:36:56
湿度2-2,11.4,2023-03-19 11:36:56
温度2-2,14.5,2023-03-19 11:31:56
湿度2-2,11.5,2023-03-19 11:31:56
温度2-2,14.4,2023-03-19 11:26:56
湿度2-2,11.5,2023-03-19 11:26:56
温度2-2,14.4,2023-03-19 11:21:56
湿度2-2,11.2,2023-03-19 11:21:56
温度2-2,14.3,2023-03-19 11:16:56
湿度2-2,11.6,2023-03-19 11:16:56
温度2-2,14.2,2023-03-19 11:11:56
湿度2-2,11.4,2023-03-19 11:11:56
温度2-2,14.1,2023-03-19 11:06:56
湿度2-2,11.1,2023-03-19 11:06:56
温度2-2,14.0,2023-03-19 11:01:56
湿度2-2,11.3,2023-03-19 11:01:56
温度2-2,14.0,2023-03-19 10:56:56
湿度2-2,11.5,2023-03-19 10:56:56
温度2-2,13.9,2023-03-19 10:51:56
湿度2-2,11.3,2023-03-19 10:51:56
温度2-2,13.9,2023-03-19 10:46:56
湿度2-2,11.3,2023-03-19 10:46:56
温度2-2,13.8,2023-03-19 10:41:56
湿度2-2,11.3,2023-03-19 10:41:56
温度2-2,13.7,2023-03-19 10:36:56
湿度2-2,11.4,2023-03-19 10:36:56
温度2-2,13.7,2023-03-19 10:31:56
湿度2-2,11.4,2023-03-19 10:31:56
温度2-2,13.7,2023-03-19 10:26:56
湿度2-2,11.3,2023-03-19 10:26:56
温度2-2,13.6,2023-03-19 10:21:56
湿度2-2,11.6,2023-03-19 10:21:56
温度2-2,13.6,2023-03-19 10:16:56
湿度2-2,11.6,2023-03-19 10:16:56
温度2-2,13.6,2023-03-19 10:11:56
湿度2-2,11.5,2023-03-19 10:11:56
温度2-2,13.5,2023-03-19 10:06:56
湿度2-2,11.4,2023-03-19 10:06:56
温度2-2,13.5,2023-03-19 10:01:56
湿度2-2,11.3,2023-03-19 10:01:56
温度2-2,13.5,2023-03-19 09:56:56
湿度2-2,11.5,2023-03-19 09:56:56
温度2-2,13.4,2023-03-19 09:51:56
湿度2-2,11.4,2023-03-19 09:51:56
温度2-2,13.4,2023-03-19 09:46:56
湿度2-2,11.4,2023-03-19 09:46:56
温度2-2,13.4,2023-03-19 09:41:56
湿度2-2,11.4,2023-03-19 09:41:56
温度2-2,13.4,2023-03-19 09:36:56
湿度2-2,11.4,2023-03-19 09:36:56
温度2-2,13.4,2023-03-19 09:31:56
湿度2-2,11.1,2023-03-19 09:31:56
温度2-2,13.4,2023-03-19 09:26:56
湿度2-2,11.4,2023-03-19 09:26:56
温度2-2,13.4,2023-03-19 09:21:56
湿度2-2,11.4,2023-03-19 09:21:56
温度2-2,13.3,2023-03-19 09:16:56
湿度2-2,11.4,2023-03-19 09:16:56
温度2-2,13.3,2023-03-19 09:11:56
湿度2-2,11.5,2023-03-19 09:11:56
温度2-2,13.4,2023-03-19 09:06:56
湿度2-2,11.4,2023-03-19 09:06:56
温度2-2,13.3,2023-03-19 09:01:56
湿度2-2,11.5,2023-03-19 09:01:56
温度2-2,13.2,2023-03-19 08:56:56
湿度2-2,11.4,2023-03-19 08:56:56
温度2-2,13.2,2023-03-19 08:51:56
湿度2-2,11.3,2023-03-19 08:51:56
温度2-2,13.0,2023-03-19 08:46:56
湿度2-2,11.3,2023-03-19 08:46:56
温度2-2,13.6,2023-03-19 08:21:00
湿度2-2,11.7,2023-03-19 08:21:00
温度2-2,13.6,2023-03-19 08:16:00
湿度2-2,11.7,2023-03-19 08:16:00
温度2-2,13.7,2023-03-19 08:11:00
湿度2-2,11.4,2023-03-19 08:11:00
温度2-2,13.7,2023-03-19 08:06:00
湿度2-2,11.5,2023-03-19 08:06:00
温度2-2,13.7,2023-03-19 08:01:00
湿度2-2,11.7,2023-03-19 08:01:00
温度2-2,13.7,2023-03-19 07:56:00
湿度2-2,11.5,2023-03-19 07:56:00
温度2-2,13.7,2023-03-19 07:51:00
湿度2-2,11.3,2023-03-19 07:51:00
温度2-2,13.7,2023-03-19 07:46:00
湿度2-2,11.5,2023-03-19 07:46:00
温度2-2,13.7,2023-03-19 07:41:00
湿度2-2,11.8,2023-03-19 07:41:00
温度2-2,13.7,2023-03-19 07:36:00
湿度2-2,11.4,2023-03-19 07:36:00
温度2-2,13.7,2023-03-19 07:31:00
湿度2-2,11.5,2023-03-19 07:31:00
温度2-2,13.8,2023-03-19 07:26:00
湿度2-2,11.5,2023-03-19 07:26:00
温度2-2,13.8,2023-03-19 07:21:00
湿度2-2,11.4,2023-03-19 07:21:00
温度2-2,13.8,2023-03-19 07:16:00
湿度2-2,11.6,2023-03-19 07:16:00
温度2-2,13.9,2023-03-19 07:11:00
湿度2-2,11.6,2023-03-19 07:11:00
温度2-2,13.9,2023-03-19 07:06:00
湿度2-2,11.9,2023-03-19 07:06:00
温度2-2,13.9,2023-03-19 07:01:00
湿度2-2,11.6,2023-03-19 07:01:00
温度2-2,13.9,2023-03-19 06:56:00
湿度2-2,11.5,2023-03-19 06:56:00
温度2-2,13.9,2023-03-19 06:51:00
湿度2-2,11.6,2023-03-19 06:51:00
温度2-2,13.9,2023-03-19 06:46:00
湿度2-2,12.0,2023-03-19 06:46:00
温度2-2,14.0,2023-03-19 06:41:00
湿度2-2,11.5,2023-03-19 06:41:00
温度2-2,14.0,2023-03-19 06:36:00
湿度2-2,11.5,2023-03-19 06:36:00
温度2-2,14.0,2023-03-19 06:31:00
湿度2-2,11.6,2023-03-19 06:31:00
温度2-2,14.0,2023-03-19 06:26:00
湿度2-2,11.7,2023-03-19 06:26:00
温度2-2,14.0,2023-03-19 06:21:00
湿度2-2,11.4,2023-03-19 06:21:00
温度2-2,14.0,2023-03-19 06:16:00
湿度2-2,11.7,2023-03-19 06:16:00
温度2-2,14.0,2023-03-19 06:11:00
湿度2-2,11.8,2023-03-19 06:11:00
温度2-2,14.0,2023-03-19 06:06:00
湿度2-2,11.8,2023-03-19 06:06:00
温度2-2,14.0,2023-03-19 06:01:00
湿度2-2,11.7,2023-03-19 06:01:00
温度2-2,14.1,2023-03-19 05:56:00
湿度2-2,11.5,2023-03-19 05:56:00
温度2-2,14.2,2023-03-19 05:51:00
湿度2-2,11.8,2023-03-19 05:51:00
温度2-2,14.2,2023-03-19 05:46:00
湿度2-2,12.0,2023-03-19 05:46:00
温度2-2,14.2,2023-03-19 05:41:00
湿度2-2,11.6,2023-03-19 05:41:00
温度2-2,14.2,2023-03-19 05:36:00
湿度2-2,11.9,2023-03-19 05:36:00
温度2-2,14.2,2023-03-19 05:31:00
湿度2-2,11.7,2023-03-19 05:31:00
温度2-2,14.2,2023-03-19 05:26:00
湿度2-2,11.6,2023-03-19 05:26:00
温度2-2,14.2,2023-03-19 05:21:00
湿度2-2,12.0,2023-03-19 05:21:00
温度2-2,14.3,2023-03-19 05:16:00
湿度2-2,11.5,2023-03-19 05:16:00
温度2-2,14.3,2023-03-19 05:11:00
湿度2-2,11.5,2023-03-19 05:11:00
温度2-2,14.3,2023-03-19 05:06:00
湿度2-2,11.7,2023-03-19 05:06:00
温度2-2,14.4,2023-03-19 05:01:00
湿度2-2,12.0,2023-03-19 05:01:00
温度2-2,14.3,2023-03-19 04:56:00
湿度2-2,11.5,2023-03-19 04:56:00
温度2-2,14.4,2023-03-19 04:51:00
湿度2-2,11.7,2023-03-19 04:51:00
温度2-2,14.4,2023-03-19 04:46:00
湿度2-2,11.7,2023-03-19 04:46:00
温度2-2,14.4,2023-03-19 04:41:00
湿度2-2,12.0,2023-03-19 04:41:00
温度2-2,14.4,2023-03-19 04:36:00
湿度2-2,11.7,2023-03-19 04:36:00
温度2-2,14.4,2023-03-19 04:31:00
湿度2-2,12.2,2023-03-19 04:31:00
温度2-2,14.5,2023-03-19 04:26:00
湿度2-2,11.8,2023-03-19 04:26:00
温度2-2,14.5,2023-03-19 04:21:00
湿度2-2,11.8,2023-03-19 04:21:00
温度2-2,14.5,2023-03-19 04:16:00
湿度2-2,11.8,2023-03-19 04:16:00
温度2-2,14.5,2023-03-19 04:11:00
湿度2-2,12.0,2023-03-19 04:11:00
温度2-2,14.5,2023-03-19 04:06:00
湿度2-2,11.8,2023-03-19 04:06:00
温度2-2,14.5,2023-03-19 04:01:00
湿度2-2,12.4,2023-03-19 04:01:00
温度2-2,14.5,2023-03-19 03:56:00
湿度2-2,11.7,2023-03-19 03:56:00
温度2-2,14.6,2023-03-19 03:51:00
湿度2-2,11.7,2023-03-19 03:51:00
温度2-2,14.6,2023-03-19 03:46:00
湿度2-2,12.0,2023-03-19 03:46:00
温度2-2,14.6,2023-03-19 03:41:00
湿度2-2,11.6,2023-03-19 03:41:00
温度2-2,14.6,2023-03-19 03:36:00
湿度2-2,11.9,2023-03-19 03:36:00
温度2-2,14.6,2023-03-19 03:31:00
湿度2-2,11.8,2023-03-19 03:31:00
温度2-2,14.7,2023-03-19 03:26:00
湿度2-2,11.8,2023-03-19 03:26:00
温度2-2,14.7,2023-03-19 03:21:00
湿度2-2,12.0,2023-03-19 03:21:00
温度2-2,14.7,2023-03-19 03:16:00
湿度2-2,11.8,2023-03-19 03:16:00
温度2-2,14.7,2023-03-19 03:11:00
湿度2-2,11.7,2023-03-19 03:11:00
温度2-2,14.7,2023-03-19 03:06:00
湿度2-2,11.8,2023-03-19 03:06:00
温度2-2,14.7,2023-03-19 03:01:00
湿度2-2,11.7,2023-03-19 03:01:00
温度2-2,14.7,2023-03-19 02:56:00
湿度2-2,11.8,2023-03-19 02:56:00
温度2-2,14.8,2023-03-19 02:51:00
湿度2-2,12.0,2023-03-19 02:51:00
温度2-2,14.8,2023-03-19 02:46:00
湿度2-2,12.0,2023-03-19 02:46:00
温度2-2,14.8,2023-03-19 02:41:00
湿度2-2,11.9,2023-03-19 02:41:00
温度2-2,14.8,2023-03-19 02:36:00
湿度2-2,11.5,2023-03-19 02:36:00
温度2-2,14.9,2023-03-19 02:31:00
湿度2-2,11.8,2023-03-19 02:31:00
温度2-2,14.9,2023-03-19 02:26:00
湿度2-2,12.0,2023-03-19 02:26:00
温度2-2,14.9,2023-03-19 02:21:00
湿度2-2,12.1,2023-03-19 02:21:00
温度2-2,14.9,2023-03-19 02:16:00
湿度2-2,11.6,2023-03-19 02:16:00
温度2-2,14.9,2023-03-19 02:11:00
湿度2-2,11.8,2023-03-19 02:11:00
温度2-2,14.9,2023-03-19 02:06:00
湿度2-2,12.0,2023-03-19 02:06:00
温度2-2,15.0,2023-03-19 02:01:00
湿度2-2,12.2,2023-03-19 02:01:00
温度2-2,15.0,2023-03-19 01:56:00
湿度2-2,12.0,2023-03-19 01:56:00
温度2-2,15.0,2023-03-19 01:51:00
湿度2-2,12.1,2023-03-19 01:51:00
温度2-2,15.0,2023-03-19 01:46:00
湿度2-2,11.8,2023-03-19 01:46:00
温度2-2,15.0,2023-03-19 01:41:00
湿度2-2,12.0,2023-03-19 01:41:00
温度2-2,15.0,2023-03-19 01:36:00
湿度2-2,12.0,2023-03-19 01:36:00
温度2-2,15.1,2023-03-19 01:31:00
湿度2-2,12.0,2023-03-19 01:31:00
温度2-2,15.1,2023-03-19 01:26:00
湿度2-2,12.0,2023-03-19 01:26:00
温度2-2,15.1,2023-03-19 01:21:00
湿度2-2,12.4,2023-03-19 01:21:00
温度2-2,15.1,2023-03-19 01:16:00
湿度2-2,12.0,2023-03-19 01:16:00
温度2-2,15.1,2023-03-19 01:11:00
湿度2-2,12.0,2023-03-19 01:11:00
温度2-2,15.2,2023-03-19 01:06:00
湿度2-2,12.0,2023-03-19 01:06:00
温度2-2,15.2,2023-03-19 01:01:00
湿度2-2,12.0,2023-03-19 01:01:00
温度2-2,15.2,2023-03-19 00:56:00
湿度2-2,12.1,2023-03-19 00:56:00
温度2-2,15.2,2023-03-19 00:51:00
湿度2-2,12.1,2023-03-19 00:51:00
温度2-2,15.2,2023-03-19 00:46:00
湿度2-2,12.1,2023-03-19 00:46:00
温度2-2,15.3,2023-03-19 00:41:00
湿度2-2,12.0,2023-03-19 00:41:00
温度2-2,15.3,2023-03-19 00:36:00
湿度2-2,12.1,2023-03-19 00:36:00
温度2-2,15.3,2023-03-19 00:31:00
湿度2-2,12.0,2023-03-19 00:31:00
温度2-2,15.3,2023-03-19 00:26:00
湿度2-2,12.2,2023-03-19 00:26:00
温度2-2,15.3,2023-03-19 00:21:00
湿度2-2,12.2,2023-03-19 00:21:00
温度2-2,15.3,2023-03-19 00:16:00
湿度2-2,12.2,2023-03-19 00:16:00
温度2-2,15.4,2023-03-19 00:11:00
湿度2-2,12.0,2023-03-19 00:11:00
温度2-2,15.3,2023-03-19 00:06:00
湿度2-2,12.2,2023-03-19 00:06:00
温度2-2,15.4,2023-03-19 00:01:00
湿度2-2,12.0,2023-03-19 00:01:00
温度2-2,15.4,2023-03-18 23:56:00
湿度2-2,12.2,2023-03-18 23:56:00
温度2-2,15.4,2023-03-18 23:51:00
湿度2-2,12.2,2023-03-18 23:51:00
温度2-2,15.4,2023-03-18 23:46:00
湿度2-2,12.2,2023-03-18 23:46:00
温度2-2,15.4,2023-03-18 23:41:00
湿度2-2,12.2,2023-03-18 23:41:00
温度2-2,15.4,2023-03-18 23:36:00
湿度2-2,12.2,2023-03-18 23:36:00
温度2-2,15.4,2023-03-18 23:31:00
湿度2-2,11.8,2023-03-18 23:31:00
温度2-2,15.3,2023-03-18 23:26:00
湿度2-2,12.4,2023-03-18 23:26:00
温度2-2,15.1,2023-03-18 23:21:00
湿度2-2,12.1,2023-03-18 23:21:00
温度2-2,15.8,2023-03-18 22:56:46
湿度2-2,12.2,2023-03-18 22:56:46
温度2-2,15.8,2023-03-18 22:51:46
湿度2-2,12.2,2023-03-18 22:51:46
温度2-2,15.8,2023-03-18 22:46:46
湿度2-2,12.5,2023-03-18 22:46:46
温度2-2,15.8,2023-03-18 22:41:46
湿度2-2,12.4,2023-03-18 22:41:46
温度2-2,15.9,2023-03-18 22:36:46
湿度2-2,12.3,2023-03-18 22:36:46
温度2-2,15.9,2023-03-18 22:31:46
湿度2-2,12.4,2023-03-18 22:31:46
温度2-2,15.9,2023-03-18 22:26:46
湿度2-2,12.6,2023-03-18 22:26:46
温度2-2,15.9,2023-03-18 22:21:46
湿度2-2,12.4,2023-03-18 22:21:46
温度2-2,15.9,2023-03-18 22:16:46
湿度2-2,11.8,2023-03-18 22:16:46
温度2-2,15.9,2023-03-18 22:11:46
湿度2-2,12.2,2023-03-18 22:11:46
温度2-2,16.0,2023-03-18 22:06:46
湿度2-2,12.2,2023-03-18 22:06:46
温度2-2,16.0,2023-03-18 22:01:46
湿度2-2,12.4,2023-03-18 22:01:46
温度2-2,16.0,2023-03-18 21:56:46
湿度2-2,12.7,2023-03-18 21:56:46
温度2-2,16.0,2023-03-18 21:51:46
湿度2-2,13.1,2023-03-18 21:51:46
温度2-2,16.1,2023-03-18 21:46:46
湿度2-2,12.5,2023-03-18 21:46:46
温度2-2,16.1,2023-03-18 21:41:46
湿度2-2,12.4,2023-03-18 21:41:46
温度2-2,16.1,2023-03-18 21:36:46
湿度2-2,12.3,2023-03-18 21:36:46
温度2-2,16.2,2023-03-18 21:31:46
湿度2-2,12.8,2023-03-18 21:31:46
温度2-2,16.2,2023-03-18 21:26:46
湿度2-2,12.2,2023-03-18 21:26:46
温度2-2,16.2,2023-03-18 21:21:46
湿度2-2,12.2,2023-03-18 21:21:46
温度2-2,16.3,2023-03-18 21:16:46
湿度2-2,12.0,2023-03-18 21:16:46
温度2-2,16.3,2023-03-18 21:11:46
湿度2-2,12.5,2023-03-18 21:11:46
温度2-2,16.3,2023-03-18 21:06:46
湿度2-2,12.6,2023-03-18 21:06:46
温度2-2,16.3,2023-03-18 21:01:46
湿度2-2,12.4,2023-03-18 21:01:46
温度2-2,16.4,2023-03-18 20:56:46
湿度2-2,12.6,2023-03-18 20:56:46
温度2-2,16.4,2023-03-18 20:51:46
湿度2-2,12.6,2023-03-18 20:51:46
温度2-2,16.4,2023-03-18 20:46:46
湿度2-2,12.4,2023-03-18 20:46:46
温度2-2,16.4,2023-03-18 20:41:46
湿度2-2,12.5,2023-03-18 20:41:46
温度2-2,16.5,2023-03-18 20:36:46
湿度2-2,12.6,2023-03-18 20:36:46
温度2-2,16.5,2023-03-18 20:31:46
湿度2-2,12.6,2023-03-18 20:31:46
温度2-2,16.5,2023-03-18 20:26:46
湿度2-2,12.6,2023-03-18 20:26:46
温度2-2,16.6,2023-03-18 20:21:46
湿度2-2,12.4,2023-03-18 20:21:46
温度2-2,16.6,2023-03-18 20:16:46
湿度2-2,12.7,2023-03-18 20:16:46
温度2-2,16.6,2023-03-18 20:11:46
湿度2-2,12.6,2023-03-18 20:11:46
温度2-2,16.7,2023-03-18 20:06:46
湿度2-2,12.4,2023-03-18 20:06:46
温度2-2,16.7,2023-03-18 20:01:46
湿度2-2,12.4,2023-03-18 20:01:46
温度2-2,16.7,2023-03-18 19:56:46
湿度2-2,12.3,2023-03-18 19:56:46
温度2-2,16.8,2023-03-18 19:51:46
湿度2-2,12.8,2023-03-18 19:51:46
温度2-2,16.8,2023-03-18 19:46:46
湿度2-2,13.0,2023-03-18 19:46:46
温度2-2,16.9,2023-03-18 19:41:46
湿度2-2,12.8,2023-03-18 19:41:46
温度2-2,16.9,2023-03-18 19:36:46
湿度2-2,12.6,2023-03-18 19:36:46
温度2-2,16.9,2023-03-18 19:31:46
湿度2-2,12.6,2023-03-18 19:31:46
温度2-2,17.0,2023-03-18 19:26:46
湿度2-2,12.6,2023-03-18 19:26:46
温度2-2,17.0,2023-03-18 19:21:46
湿度2-2,12.7,2023-03-18 19:21:46
温度2-2,17.1,2023-03-18 19:16:46
湿度2-2,12.7,2023-03-18 19:16:46
温度2-2,17.1,2023-03-18 19:11:46
湿度2-2,12.8,2023-03-18 19:11:46
温度2-2,17.2,2023-03-18 19:06:46
湿度2-2,12.2,2023-03-18 19:06:46
温度2-2,17.2,2023-03-18 19:01:46
湿度2-2,12.6,2023-03-18 19:01:46
温度2-2,17.2,2023-03-18 18:56:46
湿度2-2,12.7,2023-03-18 18:56:46
温度2-2,17.3,2023-03-18 18:51:46
湿度2-2,12.6,2023-03-18 18:51:46
温度2-2,17.3,2023-03-18 18:46:46
湿度2-2,12.7,2023-03-18 18:46:46
温度2-2,17.4,2023-03-18 18:41:46
湿度2-2,12.3,2023-03-18 18:41:46
温度2-2,17.4,2023-03-18 18:36:46
湿度2-2,12.8,2023-03-18 18:36:46
温度2-2,17.4,2023-03-18 18:31:46
湿度2-2,12.2,2023-03-18 18:31:46
温度2-2,17.4,2023-03-18 18:26:46
湿度2-2,11.8,2023-03-18 18:26:46
温度2-2,17.5,2023-03-18 18:21:46
湿度2-2,11.6,2023-03-18 18:21:46
温度2-2,17.5,2023-03-18 18:16:46
湿度2-2,11.4,2023-03-18 18:16:46
温度2-2,17.5,2023-03-18 18:11:46
湿度2-2,11.4,2023-03-18 18:11:46
温度2-2,17.5,2023-03-18 18:06:46
湿度2-2,11.3,2023-03-18 18:06:46
温度2-2,17.5,2023-03-18 18:01:46
湿度2-2,11.8,2023-03-18 18:01:46
温度2-2,17.5,2023-03-18 17:56:46
湿度2-2,11.5,2023-03-18 17:56:46
温度2-2,17.5,2023-03-18 17:51:46
湿度2-2,11.6,2023-03-18 17:51:46
温度2-2,17.5,2023-03-18 17:46:46
湿度2-2,11.3,2023-03-18 17:46:46
温度2-2,17.5,2023-03-18 17:41:46
湿度2-2,11.5,2023-03-18 17:41:46
温度2-2,17.5,2023-03-18 17:36:46
湿度2-2,11.1,2023-03-18 17:36:46
温度2-2,17.5,2023-03-18 17:31:46
湿度2-2,11.9,2023-03-18 17:31:46
温度2-2,17.5,2023-03-18 17:26:46
湿度2-2,11.4,2023-03-18 17:26:46
温度2-2,17.5,2023-03-18 17:21:46
湿度2-2,11.5,2023-03-18 17:21:46
温度2-2,17.5,2023-03-18 17:16:46
湿度2-2,10.7,2023-03-18 17:16:46
温度2-2,17.5,2023-03-18 17:11:46
湿度2-2,12.3,2023-03-18 17:11:46
温度2-2,17.5,2023-03-18 17:06:46
湿度2-2,11.5,2023-03-18 17:06:46
温度2-2,17.5,2023-03-18 17:01:46
湿度2-2,11.4,2023-03-18 17:01:46
温度2-2,17.5,2023-03-18 16:56:46
湿度2-2,11.4,2023-03-18 16:56:46
温度2-2,17.5,2023-03-18 16:51:46
湿度2-2,11.7,2023-03-18 16:51:46
温度2-2,17.5,2023-03-18 16:46:46
湿度2-2,11.5,2023-03-18 16:46:46
温度2-2,17.4,2023-03-18 16:41:46
湿度2-2,11.4,2023-03-18 16:41:46
温度2-2,17.5,2023-03-18 16:36:46
湿度2-2,12.0,2023-03-18 16:36:46
温度2-2,17.4,2023-03-18 16:31:46
湿度2-2,12.0,2023-03-18 16:31:46
温度2-2,17.5,2023-03-18 16:26:46
湿度2-2,11.4,2023-03-18 16:26:46
温度2-2,17.5,2023-03-18 16:21:46
湿度2-2,11.4,2023-03-18 16:21:46
温度2-2,17.5,2023-03-18 16:16:46
湿度2-2,11.4,2023-03-18 16:16:46
温度2-2,17.5,2023-03-18 16:11:46
湿度2-2,11.7,2023-03-18 16:11:46
温度2-2,17.5,2023-03-18 16:06:46
湿度2-2,11.8,2023-03-18 16:06:46
温度2-2,17.4,2023-03-18 16:01:46
湿度2-2,11.4,2023-03-18 16:01:46
温度2-2,17.4,2023-03-18 15:56:46
湿度2-2,11.4,2023-03-18 15:56:46
温度2-2,17.4,2023-03-18 15:51:46
湿度2-2,11.3,2023-03-18 15:51:46
温度2-2,17.4,2023-03-18 15:46:46
湿度2-2,11.4,2023-03-18 15:46:46
温度2-2,17.4,2023-03-18 15:41:46
湿度2-2,11.5,2023-03-18 15:41:46
温度2-2,17.4,2023-03-18 15:36:46
湿度2-2,11.5,2023-03-18 15:36:46
温度2-2,17.3,2023-03-18 15:31:46
湿度2-2,11.7,2023-03-18 15:31:46
温度2-2,17.3,2023-03-18 15:26:46
湿度2-2,11.4,2023-03-18 15:26:46
温度2-2,17.3,2023-03-18 15:21:46
湿度2-2,11.4,2023-03-18 15:21:46
温度2-2,17.3,2023-03-18 15:16:46
湿度2-2,11.5,2023-03-18 15:16:46
温度2-2,17.2,2023-03-18 15:11:46
湿度2-2,11.5,2023-03-18 15:11:46
温度2-2,17.2,2023-03-18 15:06:46
湿度2-2,11.5,2023-03-18 15:06:46
温度2-2,17.2,2023-03-18 15:01:46
湿度2-2,11.4,2023-03-18 15:01:46
温度2-2,17.1,2023-03-18 14:56:46
湿度2-2,11.5,2023-03-18 14:56:46
温度2-2,17.1,2023-03-18 14:51:46
湿度2-2,10.9,2023-03-18 14:51:46
温度2-2,17.0,2023-03-18 14:46:46
湿度2-2,11.5,2023-03-18 14:46:46
温度2-2,17.0,2023-03-18 14:41:46
湿度2-2,11.7,2023-03-18 14:41:46
温度2-2,17.0,2023-03-18 14:36:46
湿度2-2,11.2,2023-03-18 14:36:46
温度2-2,16.9,2023-03-18 14:31:45
湿度2-2,11.1,2023-03-18 14:31:45
温度2-2,16.8,2023-03-18 14:26:45
湿度2-2,11.3,2023-03-18 14:26:45
温度2-2,16.8,2023-03-18 14:21:45
湿度2-2,11.3,2023-03-18 14:21:45
温度2-2,16.8,2023-03-18 14:16:45
湿度2-2,11.7,2023-03-18 14:16:45
温度2-2,16.7,2023-03-18 14:11:45
湿度2-2,11.5,2023-03-18 14:11:45
温度2-2,16.7,2023-03-18 14:06:45
湿度2-2,11.5,2023-03-18 14:06:45
温度2-2,16.6,2023-03-18 14:01:45
湿度2-2,11.5,2023-03-18 14:01:45
温度2-2,16.6,2023-03-18 13:56:45
湿度2-2,11.2,2023-03-18 13:56:45
温度2-2,16.5,2023-03-18 13:51:45
湿度2-2,11.5,2023-03-18 13:51:45
温度2-2,16.5,2023-03-18 13:46:45
湿度2-2,11.4,2023-03-18 13:46:45
温度2-2,16.5,2023-03-18 13:41:45
湿度2-2,11.3,2023-03-18 13:41:45
温度2-2,16.4,2023-03-18 13:36:45
湿度2-2,11.5,2023-03-18 13:36:45
温度2-2,16.4,2023-03-18 13:31:45
湿度2-2,11.6,2023-03-18 13:31:45
温度2-2,16.3,2023-03-18 13:26:45
湿度2-2,11.1,2023-03-18 13:26:45
温度2-2,16.3,2023-03-18 13:21:45
湿度2-2,11.1,2023-03-18 13:21:45
温度2-2,16.3,2023-03-18 13:16:45
湿度2-2,11.5,2023-03-18 13:16:45
温度2-2,16.2,2023-03-18 13:11:45
湿度2-2,11.4,2023-03-18 13:11:45
温度2-2,16.1,2023-03-18 13:06:45
湿度2-2,11.7,2023-03-18 13:06:45
温度2-2,16.1,2023-03-18 13:01:45
湿度2-2,11.4,2023-03-18 13:01:45
温度2-2,16.1,2023-03-18 12:56:45
湿度2-2,11.4,2023-03-18 12:56:45
温度2-2,16.0,2023-03-18 12:51:45
湿度2-2,11.2,2023-03-18 12:51:45
温度2-2,16.0,2023-03-18 12:46:45
湿度2-2,11.4,2023-03-18 12:46:45
温度2-2,15.9,2023-03-18 12:41:45
湿度2-2,11.4,2023-03-18 12:41:45
温度2-2,15.9,2023-03-18 12:36:45
湿度2-2,11.4,2023-03-18 12:36:45
温度2-2,15.8,2023-03-18 12:31:45
湿度2-2,11.4,2023-03-18 12:31:45
温度2-2,15.8,2023-03-18 12:26:45
湿度2-2,11.4,2023-03-18 12:26:45
温度2-2,15.7,2023-03-18 12:21:45
湿度2-2,11.5,2023-03-18 12:21:45
温度2-2,15.7,2023-03-18 12:16:45
湿度2-2,11.7,2023-03-18 12:16:45
温度2-2,15.6,2023-03-18 12:11:45
湿度2-2,11.3,2023-03-18 12:11:45
温度2-2,15.6,2023-03-18 12:06:45
湿度2-2,11.5,2023-03-18 12:06:45
温度2-2,15.5,2023-03-18 12:01:45
湿度2-2,11.5,2023-03-18 12:01:45
温度2-2,15.5,2023-03-18 11:56:45
湿度2-2,11.3,2023-03-18 11:56:45
温度3-3,14.6,2023-03-19 11:51:56
湿度3-3,9.4,2023-03-19 11:51:56
温度3-3,14.6,2023-03-19 11:46:56
湿度3-3,9.2,2023-03-19 11:46:56
温度3-3,14.6,2023-03-19 11:41:56
湿度3-3,9.3,2023-03-19 11:41:56
温度3-3,14.6,2023-03-19 11:36:56
湿度3-3,9.2,2023-03-19 11:36:56
温度3-3,14.6,2023-03-19 11:31:56
湿度3-3,9.7,2023-03-19 11:31:56
温度3-3,14.5,2023-03-19 11:26:56
湿度3-3,9.2,2023-03-19 11:26:56
温度3-3,14.5,2023-03-19 11:21:56
湿度3-3,9.1,2023-03-19 11:21:56
温度3-3,14.5,2023-03-19 11:16:56
湿度3-3,9.4,2023-03-19 11:16:56
温度3-3,14.5,2023-03-19 11:11:56
湿度3-3,9.6,2023-03-19 11:11:56
温度3-3,14.5,2023-03-19 11:06:56
湿度3-3,9.8,2023-03-19 11:06:56
温度3-3,14.5,2023-03-19 11:01:56
湿度3-3,9.3,2023-03-19 11:01:56
温度3-3,14.5,2023-03-19 10:56:56
湿度3-3,9.4,2023-03-19 10:56:56
温度3-3,14.5,2023-03-19 10:51:56
湿度3-3,9.3,2023-03-19 10:51:56
温度3-3,14.5,2023-03-19 10:46:56
湿度3-3,9.6,2023-03-19 10:46:56
温度3-3,14.5,2023-03-19 10:41:56
湿度3-3,9.4,2023-03-19 10:41:56
温度3-3,14.5,2023-03-19 10:36:56
湿度3-3,9.8,2023-03-19 10:36:56
温度3-3,14.5,2023-03-19 10:31:56
湿度3-3,9.3,2023-03-19 10:31:56
温度3-3,14.4,2023-03-19 10:26:56
湿度3-3,9.5,2023-03-19 10:26:56
温度3-3,14.5,2023-03-19 10:21:56
湿度3-3,9.3,2023-03-19 10:21:56
温度3-3,14.5,2023-03-19 10:16:56
湿度3-3,9.3,2023-03-19 10:16:56
温度3-3,14.5,2023-03-19 10:11:56
湿度3-3,9.4,2023-03-19 10:11:56
温度3-3,14.5,2023-03-19 10:06:56
湿度3-3,9.2,2023-03-19 10:06:56
温度3-3,14.5,2023-03-19 10:01:56
湿度3-3,9.4,2023-03-19 10:01:56
温度3-3,14.5,2023-03-19 09:56:56
湿度3-3,9.3,2023-03-19 09:56:56
温度3-3,14.5,2023-03-19 09:51:56
湿度3-3,9.4,2023-03-19 09:51:56
温度3-3,14.6,2023-03-19 09:46:56
湿度3-3,9.5,2023-03-19 09:46:56
温度3-3,14.6,2023-03-19 09:41:56
湿度3-3,9.9,2023-03-19 09:41:56
温度3-3,14.6,2023-03-19 09:36:56
湿度3-3,9.2,2023-03-19 09:36:56
温度3-3,14.5,2023-03-19 09:31:56
湿度3-3,9.3,2023-03-19 09:31:56
温度3-3,14.5,2023-03-19 09:26:56
湿度3-3,9.3,2023-03-19 09:26:56
温度3-3,14.6,2023-03-19 09:21:56
湿度3-3,9.7,2023-03-19 09:21:56
温度3-3,14.6,2023-03-19 09:16:56
湿度3-3,9.4,2023-03-19 09:16:56
温度3-3,14.5,2023-03-19 09:11:56
湿度3-3,9.7,2023-03-19 09:11:56
温度3-3,14.5,2023-03-19 09:06:56
湿度3-3,9.4,2023-03-19 09:06:56
温度3-3,14.5,2023-03-19 09:01:56
湿度3-3,9.4,2023-03-19 09:01:56
温度3-3,14.4,2023-03-19 08:56:56
湿度3-3,9.9,2023-03-19 08:56:56
温度3-3,14.3,2023-03-19 08:51:56
湿度3-3,9.7,2023-03-19 08:51:56
温度3-3,14.1,2023-03-19 08:46:56
湿度3-3,9.4,2023-03-19 08:46:56
温度3-3,14.8,2023-03-19 08:21:00
湿度3-3,9.4,2023-03-19 08:21:00
温度3-3,14.8,2023-03-19 08:16:00
湿度3-3,9.4,2023-03-19 08:16:00
温度3-3,14.8,2023-03-19 08:11:00
湿度3-3,9.6,2023-03-19 08:11:00
温度3-3,14.8,2023-03-19 08:06:00
湿度3-3,9.4,2023-03-19 08:06:00
温度3-3,14.9,2023-03-19 08:01:00
湿度3-3,9.4,2023-03-19 08:01:00
温度3-3,14.9,2023-03-19 07:56:00
湿度3-3,9.4,2023-03-19 07:56:00
温度3-3,14.9,2023-03-19 07:51:00
湿度3-3,9.4,2023-03-19 07:51:00
温度3-3,14.9,2023-03-19 07:46:00
湿度3-3,9.4,2023-03-19 07:46:00
温度3-3,14.9,2023-03-19 07:41:00
湿度3-3,9.2,2023-03-19 07:41:00
温度3-3,14.9,2023-03-19 07:36:00
湿度3-3,9.4,2023-03-19 07:36:00
温度3-3,14.9,2023-03-19 07:31:00
湿度3-3,9.4,2023-03-19 07:31:00
温度3-3,14.9,2023-03-19 07:26:00
湿度3-3,9.5,2023-03-19 07:26:00
温度3-3,14.9,2023-03-19 07:21:00
湿度3-3,9.9,2023-03-19 07:21:00
温度3-3,14.9,2023-03-19 07:16:00
湿度3-3,9.5,2023-03-19 07:16:00
温度3-3,15.0,2023-03-19 07:11:00
湿度3-3,9.4,2023-03-19 07:11:00
温度3-3,15.0,2023-03-19 07:06:00
湿度3-3,9.4,2023-03-19 07:06:00
温度3-3,15.0,2023-03-19 07:01:00
湿度3-3,9.9,2023-03-19 07:01:00
温度3-3,15.0,2023-03-19 06:56:00
湿度3-3,9.4,2023-03-19 06:56:00
温度3-3,15.0,2023-03-19 06:51:00
湿度3-3,9.5,2023-03-19 06:51:00
温度3-3,15.0,2023-03-19 06:46:00
湿度3-3,9.7,2023-03-19 06:46:00
温度3-3,15.0,2023-03-19 06:41:00
湿度3-3,9.6,2023-03-19 06:41:00
温度3-3,15.0,2023-03-19 06:36:00
湿度3-3,9.4,2023-03-19 06:36:00
温度3-3,15.1,2023-03-19 06:31:00
湿度3-3,9.4,2023-03-19 06:31:00
温度3-3,15.1,2023-03-19 06:26:00
湿度3-3,9.5,2023-03-19 06:26:00
温度3-3,15.1,2023-03-19 06:21:00
湿度3-3,9.5,2023-03-19 06:21:00
温度3-3,15.1,2023-03-19 06:16:00
湿度3-3,9.6,2023-03-19 06:16:00
温度3-3,15.1,2023-03-19 06:11:00
湿度3-3,9.5,2023-03-19 06:11:00
温度3-3,15.1,2023-03-19 06:06:00
湿度3-3,9.4,2023-03-19 06:06:00
温度3-3,15.2,2023-03-19 06:01:00
湿度3-3,9.6,2023-03-19 06:01:00
温度3-3,15.1,2023-03-19 05:56:00
湿度3-3,9.6,2023-03-19 05:56:00
温度3-3,15.2,2023-03-19 05:51:00
湿度3-3,9.5,2023-03-19 05:51:00
温度3-3,15.2,2023-03-19 05:46:00
湿度3-3,9.5,2023-03-19 05:46:00
温度3-3,15.2,2023-03-19 05:41:00
湿度3-3,9.6,2023-03-19 05:41:00
温度3-3,15.2,2023-03-19 05:36:00
湿度3-3,9.3,2023-03-19 05:36:00
温度3-3,15.3,2023-03-19 05:31:00
湿度3-3,9.4,2023-03-19 05:31:00
温度3-3,15.2,2023-03-19 05:26:00
湿度3-3,9.1,2023-03-19 05:26:00
温度3-3,15.3,2023-03-19 05:21:00
湿度3-3,9.4,2023-03-19 05:21:00
温度3-3,15.3,2023-03-19 05:16:00
湿度3-3,9.4,2023-03-19 05:16:00
温度3-3,15.3,2023-03-19 05:11:00
湿度3-3,9.7,2023-03-19 05:11:00
温度3-3,15.3,2023-03-19 05:06:00
湿度3-3,9.6,2023-03-19 05:06:00
温度3-3,15.3,2023-03-19 05:01:00
湿度3-3,9.6,2023-03-19 05:01:00
温度3-3,15.3,2023-03-19 04:56:00
湿度3-3,9.6,2023-03-19 04:56:00
温度3-3,15.3,2023-03-19 04:51:00
湿度3-3,9.6,2023-03-19 04:51:00
温度3-3,15.3,2023-03-19 04:46:00
湿度3-3,9.6,2023-03-19 04:46:00
温度3-3,15.3,2023-03-19 04:41:00
湿度3-3,9.9,2023-03-19 04:41:00
温度3-3,15.3,2023-03-19 04:36:00
湿度3-3,9.6,2023-03-19 04:36:00
温度3-3,15.3,2023-03-19 04:31:00
湿度3-3,9.9,2023-03-19 04:31:00
温度3-3,15.4,2023-03-19 04:26:00
湿度3-3,9.6,2023-03-19 04:26:00
温度3-3,15.4,2023-03-19 04:21:00
湿度3-3,9.7,2023-03-19 04:21:00
温度3-3,15.4,2023-03-19 04:16:00
湿度3-3,9.6,2023-03-19 04:16:00
温度3-3,15.4,2023-03-19 04:11:00
湿度3-3,9.6,2023-03-19 04:11:00
温度3-3,15.4,2023-03-19 04:06:00
湿度3-3,9.8,2023-03-19 04:06:00
温度3-3,15.4,2023-03-19 04:01:00
湿度3-3,9.7,2023-03-19 04:01:00
温度3-3,15.4,2023-03-19 03:56:00
湿度3-3,9.6,2023-03-19 03:56:00
温度3-3,15.5,2023-03-19 03:51:00
湿度3-3,9.9,2023-03-19 03:51:00
温度3-3,15.5,2023-03-19 03:46:00
湿度3-3,9.7,2023-03-19 03:46:00
温度3-3,15.5,2023-03-19 03:41:00
湿度3-3,9.8,2023-03-19 03:41:00
温度3-3,15.5,2023-03-19 03:36:00
湿度3-3,9.7,2023-03-19 03:36:00
温度3-3,15.5,2023-03-19 03:31:00
湿度3-3,9.7,2023-03-19 03:31:00
温度3-3,15.5,2023-03-19 03:26:00
湿度3-3,9.2,2023-03-19 03:26:00
温度3-3,15.5,2023-03-19 03:21:00
湿度3-3,9.7,2023-03-19 03:21:00
温度3-3,15.5,2023-03-19 03:16:00
湿度3-3,9.7,2023-03-19 03:16:00
温度3-3,15.6,2023-03-19 03:11:00
湿度3-3,9.7,2023-03-19 03:11:00
温度3-3,15.6,2023-03-19 03:06:00
湿度3-3,9.7,2023-03-19 03:06:00
温度3-3,15.6,2023-03-19 03:01:00
湿度3-3,9.7,2023-03-19 03:01:00
温度3-3,15.6,2023-03-19 02:56:00
湿度3-3,9.8,2023-03-19 02:56:00
温度3-3,15.6,2023-03-19 02:51:00
湿度3-3,9.7,2023-03-19 02:51:00
温度3-3,15.6,2023-03-19 02:46:00
湿度3-3,9.7,2023-03-19 02:46:00
温度3-3,15.6,2023-03-19 02:41:00
湿度3-3,9.7,2023-03-19 02:41:00
温度3-3,15.6,2023-03-19 02:36:00
湿度3-3,9.8,2023-03-19 02:36:00
温度3-3,15.6,2023-03-19 02:31:00
湿度3-3,9.7,2023-03-19 02:31:00
温度3-3,15.6,2023-03-19 02:26:00
湿度3-3,9.9,2023-03-19 02:26:00
温度3-3,15.7,2023-03-19 02:21:00
湿度3-3,9.8,2023-03-19 02:21:00
温度3-3,15.7,2023-03-19 02:16:00
湿度3-3,9.8,2023-03-19 02:16:00
温度3-3,15.7,2023-03-19 02:11:00
湿度3-3,10.5,2023-03-19 02:11:00
温度3-3,15.7,2023-03-19 02:06:00
湿度3-3,9.7,2023-03-19 02:06:00
温度3-3,15.7,2023-03-19 02:01:00
湿度3-3,9.8,2023-03-19 02:01:00
温度3-3,15.7,2023-03-19 01:56:00
湿度3-3,10.2,2023-03-19 01:56:00
温度3-3,15.7,2023-03-19 01:51:00
湿度3-3,9.8,2023-03-19 01:51:00
温度3-3,15.7,2023-03-19 01:46:00
湿度3-3,9.7,2023-03-19 01:46:00
温度3-3,15.8,2023-03-19 01:41:00
湿度3-3,10.5,2023-03-19 01:41:00
温度3-3,15.8,2023-03-19 01:36:00
湿度3-3,9.8,2023-03-19 01:36:00
温度3-3,15.8,2023-03-19 01:31:00
湿度3-3,9.8,2023-03-19 01:31:00
温度3-3,15.8,2023-03-19 01:26:00
湿度3-3,9.7,2023-03-19 01:26:00
温度3-3,15.8,2023-03-19 01:21:00
湿度3-3,10.0,2023-03-19 01:21:00
温度3-3,15.8,2023-03-19 01:16:00
湿度3-3,9.8,2023-03-19 01:16:00
温度3-3,15.8,2023-03-19 01:11:00
湿度3-3,9.7,2023-03-19 01:11:00
温度3-3,15.8,2023-03-19 01:06:00
湿度3-3,9.4,2023-03-19 01:06:00
温度3-3,15.8,2023-03-19 01:01:00
湿度3-3,9.7,2023-03-19 01:01:00
温度3-3,15.9,2023-03-19 00:56:00
湿度3-3,9.9,2023-03-19 00:56:00
温度3-3,15.9,2023-03-19 00:51:00
湿度3-3,9.8,2023-03-19 00:51:00
温度3-3,15.9,2023-03-19 00:46:00
湿度3-3,9.6,2023-03-19 00:46:00
温度3-3,15.9,2023-03-19 00:41:00
湿度3-3,9.9,2023-03-19 00:41:00
温度3-3,15.9,2023-03-19 00:36:00
湿度3-3,10.3,2023-03-19 00:36:00
温度3-3,15.9,2023-03-19 00:31:00
湿度3-3,9.9,2023-03-19 00:31:00
温度3-3,16.0,2023-03-19 00:26:00
湿度3-3,10.3,2023-03-19 00:26:00
温度3-3,16.0,2023-03-19 00:21:00
湿度3-3,9.8,2023-03-19 00:21:00
温度3-3,15.9,2023-03-19 00:16:00
湿度3-3,9.7,2023-03-19 00:16:00
温度3-3,15.9,2023-03-19 00:11:00
湿度3-3,9.9,2023-03-19 00:11:00
温度3-3,16.0,2023-03-19 00:06:00
湿度3-3,9.8,2023-03-19 00:06:00
温度3-3,16.0,2023-03-19 00:01:00
湿度3-3,9.1,2023-03-19 00:01:00
温度3-3,16.0,2023-03-18 23:56:00
湿度3-3,9.8,2023-03-18 23:56:00
温度3-3,16.0,2023-03-18 23:51:00
湿度3-3,9.8,2023-03-18 23:51:00
温度3-3,15.9,2023-03-18 23:46:00
湿度3-3,9.9,2023-03-18 23:46:00
温度3-3,15.9,2023-03-18 23:41:00
湿度3-3,9.6,2023-03-18 23:41:00
温度3-3,15.9,2023-03-18 23:36:00
湿度3-3,9.9,2023-03-18 23:36:00
温度3-3,15.9,2023-03-18 23:31:00
湿度3-3,9.9,2023-03-18 23:31:00
温度3-3,15.8,2023-03-18 23:26:00
湿度3-3,9.9,2023-03-18 23:26:00
温度3-3,15.6,2023-03-18 23:21:00
湿度3-3,9.9,2023-03-18 23:21:00
温度3-3,16.2,2023-03-18 22:56:46
湿度3-3,10.3,2023-03-18 22:56:46
温度3-3,16.2,2023-03-18 22:51:46
湿度3-3,10.3,2023-03-18 22:51:46
温度3-3,16.3,2023-03-18 22:46:46
湿度3-3,9.9,2023-03-18 22:46:46
温度3-3,16.3,2023-03-18 22:41:46
湿度3-3,9.9,2023-03-18 22:41:46
温度3-3,16.3,2023-03-18 22:36:46
湿度3-3,9.2,2023-03-18 22:36:46
温度3-3,16.3,2023-03-18 22:31:46
湿度3-3,9.2,2023-03-18 22:31:46
温度3-3,16.3,2023-03-18 22:26:46
湿度3-3,10.5,2023-03-18 22:26:46
温度3-3,16.3,2023-03-18 22:21:46
湿度3-3,9.9,2023-03-18 22:21:46
温度3-3,16.3,2023-03-18 22:16:46
湿度3-3,11.0,2023-03-18 22:16:46
温度3-3,16.3,2023-03-18 22:11:46
湿度3-3,9.9,2023-03-18 22:11:46
温度3-3,16.4,2023-03-18 22:06:46
湿度3-3,9.9,2023-03-18 22:06:46
温度3-3,16.4,2023-03-18 22:01:46
湿度3-3,9.9,2023-03-18 22:01:46
温度3-3,16.4,2023-03-18 21:56:46
湿度3-3,9.9,2023-03-18 21:56:46
温度3-3,16.4,2023-03-18 21:51:46
湿度3-3,10.1,2023-03-18 21:51:46
温度3-3,16.4,2023-03-18 21:46:46
湿度3-3,10.0,2023-03-18 21:46:46
温度3-3,16.4,2023-03-18 21:41:46
湿度3-3,9.8,2023-03-18 21:41:46
温度3-3,16.5,2023-03-18 21:36:46
湿度3-3,10.1,2023-03-18 21:36:46
温度3-3,16.5,2023-03-18 21:31:46
湿度3-3,10.0,2023-03-18 21:31:46
温度3-3,16.4,2023-03-18 21:26:46
湿度3-3,10.0,2023-03-18 21:26:46
温度3-3,16.5,2023-03-18 21:21:46
湿度3-3,10.0,2023-03-18 21:21:46
温度3-3,16.5,2023-03-18 21:16:46
湿度3-3,9.9,2023-03-18 21:16:46
温度3-3,16.5,2023-03-18 21:11:46
湿度3-3,9.9,2023-03-18 21:11:46
温度3-3,16.5,2023-03-18 21:06:46
湿度3-3,9.3,2023-03-18 21:06:46
温度3-3,16.5,2023-03-18 21:01:46
湿度3-3,10.1,2023-03-18 21:01:46
温度3-3,16.6,2023-03-18 20:56:46
湿度3-3,10.1,2023-03-18 20:56:46
温度3-3,16.5,2023-03-18 20:51:46
湿度3-3,9.9,2023-03-18 20:51:46
温度3-3,16.6,2023-03-18 20:46:46
湿度3-3,9.5,2023-03-18 20:46:46
温度3-3,16.6,2023-03-18 20:41:46
湿度3-3,9.4,2023-03-18 20:41:46
温度3-3,16.6,2023-03-18 20:36:46
湿度3-3,9.6,2023-03-18 20:36:46
温度3-3,16.6,2023-03-18 20:31:46
湿度3-3,10.2,2023-03-18 20:31:46
温度3-3,16.6,2023-03-18 20:26:46
湿度3-3,9.9,2023-03-18 20:26:46
温度3-3,16.6,2023-03-18 20:21:46
湿度3-3,9.9,2023-03-18 20:21:46
温度3-3,16.6,2023-03-18 20:16:46
湿度3-3,10.0,2023-03-18 20:16:46
温度3-3,16.6,2023-03-18 20:11:46
湿度3-3,11.0,2023-03-18 20:11:46
温度3-3,16.6,2023-03-18 20:06:46
湿度3-3,10.0,2023-03-18 20:06:46
温度3-3,16.7,2023-03-18 20:01:46
湿度3-3,9.9,2023-03-18 20:01:46
温度3-3,16.7,2023-03-18 19:56:46
湿度3-3,9.9,2023-03-18 19:56:46
温度3-3,16.7,2023-03-18 19:51:46
湿度3-3,10.8,2023-03-18 19:51:46
温度3-3,16.7,2023-03-18 19:46:46
湿度3-3,10.1,2023-03-18 19:46:46
温度3-3,16.7,2023-03-18 19:41:46
湿度3-3,9.9,2023-03-18 19:41:46
温度3-3,16.7,2023-03-18 19:36:46
湿度3-3,10.1,2023-03-18 19:36:46
温度3-3,16.7,2023-03-18 19:31:46
湿度3-3,9.9,2023-03-18 19:31:46
温度3-3,16.7,2023-03-18 19:26:46
湿度3-3,9.8,2023-03-18 19:26:46
温度3-3,16.7,2023-03-18 19:21:46
湿度3-3,9.9,2023-03-18 19:21:46
温度3-3,16.7,2023-03-18 19:16:46
湿度3-3,9.9,2023-03-18 19:16:46
温度3-3,16.7,2023-03-18 19:11:46
湿度3-3,9.8,2023-03-18 19:11:46
温度3-3,16.7,2023-03-18 19:06:46
湿度3-3,9.9,2023-03-18 19:06:46
温度3-3,16.7,2023-03-18 19:01:46
湿度3-3,9.8,2023-03-18 19:01:46
温度3-3,16.7,2023-03-18 18:56:46
湿度3-3,9.0,2023-03-18 18:56:46
温度3-3,16.7,2023-03-18 18:51:46
湿度3-3,9.7,2023-03-18 18:51:46
温度3-3,16.7,2023-03-18 18:46:46
湿度3-3,9.5,2023-03-18 18:46:46
温度3-3,16.7,2023-03-18 18:41:46
湿度3-3,9.4,2023-03-18 18:41:46
温度3-3,16.7,2023-03-18 18:36:46
湿度3-3,9.3,2023-03-18 18:36:46
温度3-3,16.7,2023-03-18 18:31:46
湿度3-3,9.2,2023-03-18 18:31:46
温度3-3,16.7,2023-03-18 18:26:46
湿度3-3,9.2,2023-03-18 18:26:46
温度3-3,16.6,2023-03-18 18:21:46
湿度3-3,9.2,2023-03-18 18:21:46
温度3-3,16.7,2023-03-18 18:16:46
湿度3-3,9.8,2023-03-18 18:16:46
温度3-3,16.7,2023-03-18 18:11:46
湿度3-3,9.1,2023-03-18 18:11:46
温度3-3,16.7,2023-03-18 18:06:46
湿度3-3,9.2,2023-03-18 18:06:46
温度3-3,16.6,2023-03-18 18:01:46
湿度3-3,9.2,2023-03-18 18:01:46
温度3-3,16.6,2023-03-18 17:56:46
湿度3-3,8.7,2023-03-18 17:56:46
温度3-3,16.6,2023-03-18 17:51:46
湿度3-3,9.2,2023-03-18 17:51:46
温度3-3,16.6,2023-03-18 17:46:46
湿度3-3,9.1,2023-03-18 17:46:46
温度3-3,16.6,2023-03-18 17:41:46
湿度3-3,9.3,2023-03-18 17:41:46
温度3-3,16.6,2023-03-18 17:36:46
湿度3-3,9.2,2023-03-18 17:36:46
温度3-3,16.6,2023-03-18 17:31:46
湿度3-3,9.6,2023-03-18 17:31:46
温度3-3,16.6,2023-03-18 17:26:46
湿度3-3,9.2,2023-03-18 17:26:46
温度3-3,16.6,2023-03-18 17:21:46
湿度3-3,9.1,2023-03-18 17:21:46
温度3-3,16.5,2023-03-18 17:16:46
湿度3-3,8.6,2023-03-18 17:16:46
温度3-3,16.5,2023-03-18 17:11:46
湿度3-3,8.5,2023-03-18 17:11:46
温度3-3,16.5,2023-03-18 17:06:46
湿度3-3,8.5,2023-03-18 17:06:46
温度3-3,16.5,2023-03-18 17:01:46
湿度3-3,8.7,2023-03-18 17:01:46
温度3-3,16.5,2023-03-18 16:56:46
湿度3-3,9.2,2023-03-18 16:56:46
温度3-3,16.5,2023-03-18 16:51:46
湿度3-3,9.2,2023-03-18 16:51:46
温度3-3,16.5,2023-03-18 16:46:46
湿度3-3,9.2,2023-03-18 16:46:46
温度3-3,16.4,2023-03-18 16:41:46
湿度3-3,8.4,2023-03-18 16:41:46
温度3-3,16.4,2023-03-18 16:36:46
湿度3-3,9.2,2023-03-18 16:36:46
温度3-3,16.4,2023-03-18 16:31:46
湿度3-3,9.2,2023-03-18 16:31:46
温度3-3,16.4,2023-03-18 16:26:46
湿度3-3,9.4,2023-03-18 16:26:46
温度3-3,16.4,2023-03-18 16:21:46
湿度3-3,9.4,2023-03-18 16:21:46
温度3-3,16.3,2023-03-18 16:16:46
湿度3-3,9.2,2023-03-18 16:16:46
温度3-3,16.3,2023-03-18 16:11:46
湿度3-3,9.4,2023-03-18 16:11:46
温度3-3,16.3,2023-03-18 16:06:46
湿度3-3,9.2,2023-03-18 16:06:46
温度3-3,16.3,2023-03-18 16:01:46
湿度3-3,9.3,2023-03-18 16:01:46
温度3-3,16.3,2023-03-18 15:56:46
湿度3-3,9.2,2023-03-18 15:56:46
温度3-3,16.3,2023-03-18 15:51:46
湿度3-3,9.7,2023-03-18 15:51:46
温度3-3,16.2,2023-03-18 15:46:46
湿度3-3,9.2,2023-03-18 15:46:46
温度3-3,16.2,2023-03-18 15:41:46
湿度3-3,9.2,2023-03-18 15:41:46
温度3-3,16.2,2023-03-18 15:36:46
湿度3-3,9.2,2023-03-18 15:36:46
温度3-3,16.2,2023-03-18 15:31:46
湿度3-3,9.2,2023-03-18 15:31:46
温度3-3,16.2,2023-03-18 15:26:46
湿度3-3,9.2,2023-03-18 15:26:46
温度3-3,16.1,2023-03-18 15:21:46
湿度3-3,9.3,2023-03-18 15:21:46
温度3-3,16.1,2023-03-18 15:16:46
湿度3-3,9.4,2023-03-18 15:16:46
温度3-3,16.1,2023-03-18 15:11:46
湿度3-3,9.3,2023-03-18 15:11:46
温度3-3,16.1,2023-03-18 15:06:46
湿度3-3,9.9,2023-03-18 15:06:46
温度3-3,16.1,2023-03-18 15:01:46
湿度3-3,9.2,2023-03-18 15:01:46
温度3-3,16.0,2023-03-18 14:56:46
湿度3-3,9.2,2023-03-18 14:56:46
温度3-3,16.0,2023-03-18 14:51:46
湿度3-3,9.2,2023-03-18 14:51:46
温度3-3,15.9,2023-03-18 14:46:46
湿度3-3,9.2,2023-03-18 14:46:46
温度3-3,15.9,2023-03-18 14:41:46
湿度3-3,9.1,2023-03-18 14:41:46
温度3-3,15.9,2023-03-18 14:36:46
湿度3-3,9.3,2023-03-18 14:36:46
温度3-3,15.9,2023-03-18 14:31:45
湿度3-3,9.2,2023-03-18 14:31:45
温度3-3,15.8,2023-03-18 14:26:45
湿度3-3,9.2,2023-03-18 14:26:45
温度3-3,15.8,2023-03-18 14:21:45
湿度3-3,9.2,2023-03-18 14:21:45
温度3-3,15.8,2023-03-18 14:16:45
湿度3-3,9.9,2023-03-18 14:16:45
温度3-3,15.8,2023-03-18 14:11:45
湿度3-3,9.2,2023-03-18 14:11:45
温度3-3,15.8,2023-03-18 14:06:45
湿度3-3,9.3,2023-03-18 14:06:45
温度3-3,15.7,2023-03-18 14:01:45
湿度3-3,9.3,2023-03-18 14:01:45
温度3-3,15.7,2023-03-18 13:56:45
湿度3-3,9.2,2023-03-18 13:56:45
温度3-3,15.7,2023-03-18 13:51:45
湿度3-3,9.3,2023-03-18 13:51:45
温度3-3,15.7,2023-03-18 13:46:45
湿度3-3,8.9,2023-03-18 13:46:45
温度3-3,15.7,2023-03-18 13:41:45
湿度3-3,9.2,2023-03-18 13:41:45
温度3-3,15.7,2023-03-18 13:36:45
湿度3-3,9.3,2023-03-18 13:36:45
温度3-3,15.6,2023-03-18 13:31:45
湿度3-3,9.2,2023-03-18 13:31:45
温度3-3,15.6,2023-03-18 13:26:45
湿度3-3,9.4,2023-03-18 13:26:45
温度3-3,15.6,2023-03-18 13:21:45
湿度3-3,9.3,2023-03-18 13:21:45
温度3-3,15.6,2023-03-18 13:16:45
湿度3-3,9.2,2023-03-18 13:16:45
温度3-3,15.5,2023-03-18 13:11:45
湿度3-3,9.1,2023-03-18 13:11:45
温度3-3,15.5,2023-03-18 13:06:45
湿度3-3,9.2,2023-03-18 13:06:45
温度3-3,15.5,2023-03-18 13:01:45
湿度3-3,9.2,2023-03-18 13:01:45
温度3-3,15.4,2023-03-18 12:56:45
湿度3-3,9.2,2023-03-18 12:56:45
温度3-3,15.5,2023-03-18 12:51:45
湿度3-3,8.7,2023-03-18 12:51:45
温度3-3,15.4,2023-03-18 12:46:45
湿度3-3,9.3,2023-03-18 12:46:45
温度3-3,15.4,2023-03-18 12:41:45
湿度3-3,9.2,2023-03-18 12:41:45
温度3-3,15.4,2023-03-18 12:36:45
湿度3-3,9.1,2023-03-18 12:36:45
温度3-3,15.4,2023-03-18 12:31:45
湿度3-3,9.2,2023-03-18 12:31:45
温度3-3,15.4,2023-03-18 12:26:45
湿度3-3,9.3,2023-03-18 12:26:45
温度3-3,15.3,2023-03-18 12:21:45
湿度3-3,9.3,2023-03-18 12:21:45
温度3-3,15.3,2023-03-18 12:16:45
湿度3-3,9.1,2023-03-18 12:16:45
温度3-3,15.3,2023-03-18 12:11:45
湿度3-3,9.2,2023-03-18 12:11:45
温度3-3,15.3,2023-03-18 12:06:45
湿度3-3,9.9,2023-03-18 12:06:45
温度3-3,15.3,2023-03-18 12:01:45
湿度3-3,9.2,2023-03-18 12:01:45
温度3-3,15.3,2023-03-18 11:56:45
湿度3-3,9.2,2023-03-18 11:56:45
温度4-4,15.5,2023-03-19 11:51:56
湿度4-4,6.2,2023-03-19 11:51:56
温度4-4,15.5,2023-03-19 11:46:56
湿度4-4,5.8,2023-03-19 11:46:56
温度4-4,15.5,2023-03-19 11:41:56
湿度4-4,5.7,2023-03-19 11:41:56
温度4-4,15.5,2023-03-19 11:36:56
湿度4-4,5.9,2023-03-19 11:36:56
温度4-4,15.5,2023-03-19 11:31:56
湿度4-4,6.0,2023-03-19 11:31:56
温度4-4,15.5,2023-03-19 11:26:56
湿度4-4,6.3,2023-03-19 11:26:56
温度4-4,15.5,2023-03-19 11:21:56
湿度4-4,6.0,2023-03-19 11:21:56
温度4-4,15.5,2023-03-19 11:16:56
湿度4-4,6.0,2023-03-19 11:16:56
温度4-4,15.5,2023-03-19 11:11:56
湿度4-4,6.0,2023-03-19 11:11:56
温度4-4,15.5,2023-03-19 11:06:56
湿度4-4,5.9,2023-03-19 11:06:56
温度4-4,15.5,2023-03-19 11:01:56
湿度4-4,5.9,2023-03-19 11:01:56
温度4-4,15.5,2023-03-19 10:56:56
湿度4-4,6.0,2023-03-19 10:56:56
温度4-4,15.5,2023-03-19 10:51:56
湿度4-4,6.0,2023-03-19 10:51:56
温度4-4,15.5,2023-03-19 10:46:56
湿度4-4,5.9,2023-03-19 10:46:56
温度4-4,15.5,2023-03-19 10:41:56
湿度4-4,6.3,2023-03-19 10:41:56
温度4-4,15.6,2023-03-19 10:36:56
湿度4-4,6.1,2023-03-19 10:36:56
温度4-4,15.5,2023-03-19 10:31:56
湿度4-4,6.2,2023-03-19 10:31:56
温度4-4,15.5,2023-03-19 10:26:56
湿度4-4,6.0,2023-03-19 10:26:56
温度4-4,15.6,2023-03-19 10:21:56
湿度4-4,6.2,2023-03-19 10:21:56
温度4-4,15.6,2023-03-19 10:16:56
湿度4-4,6.0,2023-03-19 10:16:56
温度4-4,15.6,2023-03-19 10:11:56
湿度4-4,6.2,2023-03-19 10:11:56
温度4-4,15.6,2023-03-19 10:06:56
湿度4-4,6.2,2023-03-19 10:06:56
温度4-4,15.5,2023-03-19 10:01:56
湿度4-4,6.1,2023-03-19 10:01:56
温度4-4,15.6,2023-03-19 09:56:56
湿度4-4,6.2,2023-03-19 09:56:56
温度4-4,15.6,2023-03-19 09:51:56
湿度4-4,6.0,2023-03-19 09:51:56
温度4-4,15.6,2023-03-19 09:46:56
湿度4-4,6.3,2023-03-19 09:46:56
温度4-4,15.6,2023-03-19 09:41:56
湿度4-4,6.0,2023-03-19 09:41:56
温度4-4,15.6,2023-03-19 09:36:56
湿度4-4,5.8,2023-03-19 09:36:56
温度4-4,15.6,2023-03-19 09:31:56
湿度4-4,6.0,2023-03-19 09:31:56
温度4-4,15.6,2023-03-19 09:26:56
湿度4-4,6.0,2023-03-19 09:26:56
温度4-4,15.6,2023-03-19 09:21:56
湿度4-4,6.0,2023-03-19 09:21:56
温度4-4,15.5,2023-03-19 09:16:56
湿度4-4,6.2,2023-03-19 09:16:56
温度4-4,15.5,2023-03-19 09:11:56
湿度4-4,6.2,2023-03-19 09:11:56
温度4-4,15.5,2023-03-19 09:06:56
湿度4-4,5.9,2023-03-19 09:06:56
温度4-4,15.5,2023-03-19 09:01:56
湿度4-4,6.2,2023-03-19 09:01:56
温度4-4,15.3,2023-03-19 08:56:56
湿度4-4,6.2,2023-03-19 08:56:56
温度4-4,15.3,2023-03-19 08:51:56
湿度4-4,6.6,2023-03-19 08:51:56
温度4-4,15.0,2023-03-19 08:46:56
湿度4-4,5.9,2023-03-19 08:46:56
温度4-4,15.8,2023-03-19 08:21:00
湿度4-4,6.1,2023-03-19 08:21:00
温度4-4,15.8,2023-03-19 08:16:00
湿度4-4,6.1,2023-03-19 08:16:00
温度4-4,15.8,2023-03-19 08:11:00
湿度4-4,6.2,2023-03-19 08:11:00
温度4-4,15.8,2023-03-19 08:06:00
湿度4-4,5.9,2023-03-19 08:06:00
温度4-4,15.9,2023-03-19 08:01:00
湿度4-4,6.0,2023-03-19 08:01:00
温度4-4,15.9,2023-03-19 07:56:00
湿度4-4,6.1,2023-03-19 07:56:00
温度4-4,15.9,2023-03-19 07:51:00
湿度4-4,6.0,2023-03-19 07:51:00
温度4-4,15.9,2023-03-19 07:46:00
湿度4-4,6.1,2023-03-19 07:46:00
温度4-4,15.9,2023-03-19 07:41:00
湿度4-4,6.4,2023-03-19 07:41:00
温度4-4,15.9,2023-03-19 07:36:00
湿度4-4,6.5,2023-03-19 07:36:00
温度4-4,15.9,2023-03-19 07:31:00
湿度4-4,6.2,2023-03-19 07:31:00
温度4-4,15.9,2023-03-19 07:26:00
湿度4-4,6.1,2023-03-19 07:26:00
温度4-4,15.9,2023-03-19 07:21:00
湿度4-4,6.2,2023-03-19 07:21:00
温度4-4,15.9,2023-03-19 07:16:00
湿度4-4,6.3,2023-03-19 07:16:00
温度4-4,15.9,2023-03-19 07:11:00
湿度4-4,6.1,2023-03-19 07:11:00
温度4-4,15.9,2023-03-19 07:06:00
湿度4-4,6.1,2023-03-19 07:06:00
温度4-4,15.9,2023-03-19 07:01:00
湿度4-4,6.1,2023-03-19 07:01:00
温度4-4,15.9,2023-03-19 06:56:00
湿度4-4,6.3,2023-03-19 06:56:00
温度4-4,15.9,2023-03-19 06:51:00
湿度4-4,6.4,2023-03-19 06:51:00
温度4-4,15.9,2023-03-19 06:46:00
湿度4-4,6.1,2023-03-19 06:46:00
温度4-4,15.9,2023-03-19 06:41:00
湿度4-4,6.1,2023-03-19 06:41:00
温度4-4,16.0,2023-03-19 06:36:00
湿度4-4,6.1,2023-03-19 06:36:00
温度4-4,15.9,2023-03-19 06:31:00
湿度4-4,6.1,2023-03-19 06:31:00
温度4-4,16.0,2023-03-19 06:26:00
湿度4-4,6.0,2023-03-19 06:26:00
温度4-4,16.0,2023-03-19 06:21:00
湿度4-4,6.1,2023-03-19 06:21:00
温度4-4,16.0,2023-03-19 06:16:00
湿度4-4,6.4,2023-03-19 06:16:00
温度4-4,16.0,2023-03-19 06:11:00
湿度4-4,6.7,2023-03-19 06:11:00
温度4-4,16.0,2023-03-19 06:06:00
湿度4-4,6.1,2023-03-19 06:06:00
温度4-4,16.0,2023-03-19 06:01:00
湿度4-4,6.1,2023-03-19 06:01:00
温度4-4,16.0,2023-03-19 05:56:00
湿度4-4,6.1,2023-03-19 05:56:00
温度4-4,16.0,2023-03-19 05:51:00
湿度4-4,6.1,2023-03-19 05:51:00
温度4-4,16.0,2023-03-19 05:46:00
湿度4-4,6.7,2023-03-19 05:46:00
温度4-4,16.0,2023-03-19 05:41:00
湿度4-4,6.7,2023-03-19 05:41:00
温度4-4,16.1,2023-03-19 05:36:00
湿度4-4,6.2,2023-03-19 05:36:00
温度4-4,16.1,2023-03-19 05:31:00
湿度4-4,6.1,2023-03-19 05:31:00
温度4-4,16.1,2023-03-19 05:26:00
湿度4-4,6.1,2023-03-19 05:26:00
温度4-4,16.1,2023-03-19 05:21:00
湿度4-4,6.2,2023-03-19 05:21:00
温度4-4,16.1,2023-03-19 05:16:00
湿度4-4,6.2,2023-03-19 05:16:00
温度4-4,16.1,2023-03-19 05:11:00
湿度4-4,6.2,2023-03-19 05:11:00
温度4-4,16.1,2023-03-19 05:06:00
湿度4-4,6.9,2023-03-19 05:06:00
温度4-4,16.1,2023-03-19 05:01:00
湿度4-4,6.1,2023-03-19 05:01:00
温度4-4,16.1,2023-03-19 04:56:00
湿度4-4,6.1,2023-03-19 04:56:00
温度4-4,16.1,2023-03-19 04:51:00
湿度4-4,6.3,2023-03-19 04:51:00
温度4-4,16.1,2023-03-19 04:46:00
湿度4-4,6.1,2023-03-19 04:46:00
温度4-4,16.2,2023-03-19 04:41:00
湿度4-4,6.2,2023-03-19 04:41:00
温度4-4,16.2,2023-03-19 04:36:00
湿度4-4,6.3,2023-03-19 04:36:00
温度4-4,16.2,2023-03-19 04:31:00
湿度4-4,5.6,2023-03-19 04:31:00
温度4-4,16.2,2023-03-19 04:26:00
湿度4-4,6.2,2023-03-19 04:26:00
温度4-4,16.2,2023-03-19 04:21:00
湿度4-4,6.2,2023-03-19 04:21:00
温度4-4,16.2,2023-03-19 04:16:00
湿度4-4,6.1,2023-03-19 04:16:00
温度4-4,16.2,2023-03-19 04:11:00
湿度4-4,6.2,2023-03-19 04:11:00
温度4-4,16.2,2023-03-19 04:06:00
湿度4-4,6.3,2023-03-19 04:06:00
温度4-4,16.2,2023-03-19 04:01:00
湿度4-4,6.0,2023-03-19 04:01:00
温度4-4,16.2,2023-03-19 03:56:00
湿度4-4,6.1,2023-03-19 03:56:00
温度4-4,16.2,2023-03-19 03:51:00
湿度4-4,6.4,2023-03-19 03:51:00
温度4-4,16.2,2023-03-19 03:46:00
湿度4-4,6.3,2023-03-19 03:46:00
温度4-4,16.2,2023-03-19 03:41:00
湿度4-4,6.2,2023-03-19 03:41:00
温度4-4,16.2,2023-03-19 03:36:00
湿度4-4,6.4,2023-03-19 03:36:00
温度4-4,16.2,2023-03-19 03:31:00
湿度4-4,6.0,2023-03-19 03:31:00
温度4-4,16.3,2023-03-19 03:26:00
湿度4-4,6.5,2023-03-19 03:26:00
温度4-4,16.3,2023-03-19 03:21:00
湿度4-4,6.5,2023-03-19 03:21:00
温度4-4,16.3,2023-03-19 03:16:00
湿度4-4,6.4,2023-03-19 03:16:00
温度4-4,16.3,2023-03-19 03:11:00
湿度4-4,6.2,2023-03-19 03:11:00
温度4-4,16.3,2023-03-19 03:06:00
湿度4-4,6.0,2023-03-19 03:06:00
温度4-4,16.3,2023-03-19 03:01:00
湿度4-4,6.3,2023-03-19 03:01:00
温度4-4,16.3,2023-03-19 02:56:00
湿度4-4,6.4,2023-03-19 02:56:00
温度4-4,16.3,2023-03-19 02:51:00
湿度4-4,6.2,2023-03-19 02:51:00
温度4-4,16.3,2023-03-19 02:46:00
湿度4-4,6.2,2023-03-19 02:46:00
温度4-4,16.3,2023-03-19 02:41:00
湿度4-4,6.2,2023-03-19 02:41:00
温度4-4,16.3,2023-03-19 02:36:00
湿度4-4,6.3,2023-03-19 02:36:00
温度4-4,16.3,2023-03-19 02:31:00
湿度4-4,6.0,2023-03-19 02:31:00
温度4-4,16.3,2023-03-19 02:26:00
湿度4-4,6.2,2023-03-19 02:26:00
温度4-4,16.3,2023-03-19 02:21:00
湿度4-4,6.2,2023-03-19 02:21:00
温度4-4,16.3,2023-03-19 02:16:00
湿度4-4,6.3,2023-03-19 02:16:00
温度4-4,16.3,2023-03-19 02:11:00
湿度4-4,6.2,2023-03-19 02:11:00
温度4-4,16.3,2023-03-19 02:06:00
湿度4-4,6.3,2023-03-19 02:06:00
温度4-4,16.3,2023-03-19 02:01:00
湿度4-4,6.3,2023-03-19 02:01:00
温度4-4,16.4,2023-03-19 01:56:00
湿度4-4,6.2,2023-03-19 01:56:00
温度4-4,16.3,2023-03-19 01:51:00
湿度4-4,6.3,2023-03-19 01:51:00
温度4-4,16.3,2023-03-19 01:46:00
湿度4-4,6.2,2023-03-19 01:46:00
温度4-4,16.4,2023-03-19 01:41:00
湿度4-4,6.1,2023-03-19 01:41:00
温度4-4,16.4,2023-03-19 01:36:00
湿度4-4,6.2,2023-03-19 01:36:00
温度4-4,16.4,2023-03-19 01:31:00
湿度4-4,6.2,2023-03-19 01:31:00
温度4-4,16.4,2023-03-19 01:26:00
湿度4-4,6.4,2023-03-19 01:26:00
温度4-4,16.4,2023-03-19 01:21:00
湿度4-4,6.2,2023-03-19 01:21:00
温度4-4,16.4,2023-03-19 01:16:00
湿度4-4,6.2,2023-03-19 01:16:00
温度4-4,16.4,2023-03-19 01:11:00
湿度4-4,6.2,2023-03-19 01:11:00
温度4-4,16.4,2023-03-19 01:06:00
湿度4-4,6.3,2023-03-19 01:06:00
温度4-4,16.4,2023-03-19 01:01:00
湿度4-4,6.3,2023-03-19 01:01:00
温度4-4,16.4,2023-03-19 00:56:00
湿度4-4,6.1,2023-03-19 00:56:00
温度4-4,16.4,2023-03-19 00:51:00
湿度4-4,6.3,2023-03-19 00:51:00
温度4-4,16.4,2023-03-19 00:46:00
湿度4-4,6.1,2023-03-19 00:46:00
温度4-4,16.4,2023-03-19 00:41:00
湿度4-4,6.1,2023-03-19 00:41:00
温度4-4,16.4,2023-03-19 00:36:00
湿度4-4,6.2,2023-03-19 00:36:00
温度4-4,16.4,2023-03-19 00:31:00
湿度4-4,6.2,2023-03-19 00:31:00
温度4-4,16.4,2023-03-19 00:26:00
湿度4-4,5.8,2023-03-19 00:26:00
温度4-4,16.4,2023-03-19 00:21:00
湿度4-4,6.1,2023-03-19 00:21:00
温度4-4,16.4,2023-03-19 00:16:00
湿度4-4,5.7,2023-03-19 00:16:00
温度4-4,16.4,2023-03-19 00:11:00
湿度4-4,6.1,2023-03-19 00:11:00
温度4-4,16.4,2023-03-19 00:06:00
湿度4-4,6.3,2023-03-19 00:06:00
温度4-4,16.4,2023-03-19 00:01:00
湿度4-4,5.8,2023-03-19 00:01:00
温度4-4,16.4,2023-03-18 23:56:00
湿度4-4,6.6,2023-03-18 23:56:00
温度4-4,16.4,2023-03-18 23:51:00
湿度4-4,6.2,2023-03-18 23:51:00
温度4-4,16.4,2023-03-18 23:46:00
湿度4-4,6.2,2023-03-18 23:46:00
温度4-4,16.3,2023-03-18 23:41:00
湿度4-4,6.2,2023-03-18 23:41:00
温度4-4,16.3,2023-03-18 23:36:00
湿度4-4,6.2,2023-03-18 23:36:00
温度4-4,16.3,2023-03-18 23:31:00
湿度4-4,6.3,2023-03-18 23:31:00
温度4-4,16.1,2023-03-18 23:26:00
湿度4-4,6.2,2023-03-18 23:26:00
温度4-4,15.9,2023-03-18 23:21:00
湿度4-4,6.0,2023-03-18 23:21:00
温度4-4,16.6,2023-03-18 22:56:46
湿度4-4,6.0,2023-03-18 22:56:46
温度4-4,16.6,2023-03-18 22:51:46
湿度4-4,6.0,2023-03-18 22:51:46
温度4-4,16.6,2023-03-18 22:46:46
湿度4-4,6.0,2023-03-18 22:46:46
温度4-4,16.6,2023-03-18 22:41:46
湿度4-4,6.2,2023-03-18 22:41:46
温度4-4,16.6,2023-03-18 22:36:46
湿度4-4,6.4,2023-03-18 22:36:46
温度4-4,16.6,2023-03-18 22:31:46
湿度4-4,6.2,2023-03-18 22:31:46
温度4-4,16.6,2023-03-18 22:26:46
湿度4-4,5.9,2023-03-18 22:26:46
温度4-4,16.6,2023-03-18 22:21:46
湿度4-4,6.2,2023-03-18 22:21:46
温度4-4,16.6,2023-03-18 22:16:46
湿度4-4,6.3,2023-03-18 22:16:46
温度4-4,16.6,2023-03-18 22:11:46
湿度4-4,6.3,2023-03-18 22:11:46
温度4-4,16.6,2023-03-18 22:06:46
湿度4-4,6.1,2023-03-18 22:06:46
温度4-4,16.6,2023-03-18 22:01:46
湿度4-4,5.9,2023-03-18 22:01:46
温度4-4,16.6,2023-03-18 21:56:46
湿度4-4,6.5,2023-03-18 21:56:46
温度4-4,16.6,2023-03-18 21:51:46
湿度4-4,5.8,2023-03-18 21:51:46
温度4-4,16.6,2023-03-18 21:46:46
湿度4-4,6.4,2023-03-18 21:46:46
温度4-4,16.6,2023-03-18 21:41:46
湿度4-4,6.3,2023-03-18 21:41:46
温度4-4,16.6,2023-03-18 21:36:46
湿度4-4,6.1,2023-03-18 21:36:46
温度4-4,16.6,2023-03-18 21:31:46
湿度4-4,6.0,2023-03-18 21:31:46
温度4-4,16.6,2023-03-18 21:26:46
湿度4-4,6.4,2023-03-18 21:26:46
温度4-4,16.6,2023-03-18 21:21:46
湿度4-4,6.0,2023-03-18 21:21:46
温度4-4,16.6,2023-03-18 21:16:46
湿度4-4,6.3,2023-03-18 21:16:46
温度4-4,16.6,2023-03-18 21:11:46
湿度4-4,6.7,2023-03-18 21:11:46
温度4-4,16.6,2023-03-18 21:06:46
湿度4-4,6.1,2023-03-18 21:06:46
温度4-4,16.6,2023-03-18 21:01:46
湿度4-4,6.2,2023-03-18 21:01:46
温度4-4,16.6,2023-03-18 20:56:46
湿度4-4,6.1,2023-03-18 20:56:46
温度4-4,16.6,2023-03-18 20:51:46
湿度4-4,6.2,2023-03-18 20:51:46
温度4-4,16.6,2023-03-18 20:46:46
湿度4-4,6.5,2023-03-18 20:46:46
温度4-4,16.6,2023-03-18 20:41:46
湿度4-4,6.1,2023-03-18 20:41:46
温度4-4,16.6,2023-03-18 20:36:46
湿度4-4,6.1,2023-03-18 20:36:46
温度4-4,16.6,2023-03-18 20:31:46
湿度4-4,6.2,2023-03-18 20:31:46
温度4-4,16.6,2023-03-18 20:26:46
湿度4-4,6.1,2023-03-18 20:26:46
温度4-4,16.6,2023-03-18 20:21:46
湿度4-4,6.6,2023-03-18 20:21:46
温度4-4,16.6,2023-03-18 20:16:46
湿度4-4,6.2,2023-03-18 20:16:46
温度4-4,16.6,2023-03-18 20:11:46
湿度4-4,6.1,2023-03-18 20:11:46
温度4-4,16.6,2023-03-18 20:06:46
湿度4-4,6.1,2023-03-18 20:06:46
温度4-4,16.6,2023-03-18 20:01:46
湿度4-4,5.8,2023-03-18 20:01:46
温度4-4,16.6,2023-03-18 19:56:46
湿度4-4,6.0,2023-03-18 19:56:46
温度4-4,16.6,2023-03-18 19:51:46
湿度4-4,6.0,2023-03-18 19:51:46
温度4-4,16.6,2023-03-18 19:46:46
湿度4-4,6.1,2023-03-18 19:46:46
温度4-4,16.6,2023-03-18 19:41:46
湿度4-4,6.2,2023-03-18 19:41:46
温度4-4,16.6,2023-03-18 19:36:46
湿度4-4,6.0,2023-03-18 19:36:46
温度4-4,16.6,2023-03-18 19:31:46
湿度4-4,6.1,2023-03-18 19:31:46
温度4-4,16.5,2023-03-18 19:26:46
湿度4-4,6.3,2023-03-18 19:26:46
温度4-4,16.5,2023-03-18 19:21:46
湿度4-4,6.1,2023-03-18 19:21:46
温度4-4,16.6,2023-03-18 19:16:46
湿度4-4,6.2,2023-03-18 19:16:46
温度4-4,16.5,2023-03-18 19:11:46
湿度4-4,6.2,2023-03-18 19:11:46
温度4-4,16.5,2023-03-18 19:06:46
湿度4-4,6.2,2023-03-18 19:06:46
温度4-4,16.5,2023-03-18 19:01:46
湿度4-4,6.1,2023-03-18 19:01:46
温度4-4,16.5,2023-03-18 18:56:46
湿度4-4,6.0,2023-03-18 18:56:46
温度4-4,16.5,2023-03-18 18:51:46
湿度4-4,6.1,2023-03-18 18:51:46
温度4-4,16.5,2023-03-18 18:46:46
湿度4-4,6.2,2023-03-18 18:46:46
温度4-4,16.5,2023-03-18 18:41:46
湿度4-4,6.2,2023-03-18 18:41:46
温度4-4,16.5,2023-03-18 18:36:46
湿度4-4,6.0,2023-03-18 18:36:46
温度4-4,16.5,2023-03-18 18:31:46
湿度4-4,6.1,2023-03-18 18:31:46
温度4-4,16.5,2023-03-18 18:26:46
湿度4-4,6.1,2023-03-18 18:26:46
温度4-4,16.5,2023-03-18 18:21:46
湿度4-4,5.7,2023-03-18 18:21:46
温度4-4,16.4,2023-03-18 18:16:46
湿度4-4,6.1,2023-03-18 18:16:46
温度4-4,16.4,2023-03-18 18:11:46
湿度4-4,6.2,2023-03-18 18:11:46
温度4-4,16.4,2023-03-18 18:06:46
湿度4-4,5.9,2023-03-18 18:06:46
温度4-4,16.4,2023-03-18 18:01:46
湿度4-4,6.1,2023-03-18 18:01:46
温度4-4,16.4,2023-03-18 17:56:46
湿度4-4,6.1,2023-03-18 17:56:46
温度4-4,16.4,2023-03-18 17:51:46
湿度4-4,6.1,2023-03-18 17:51:46
温度4-4,16.4,2023-03-18 17:46:46
湿度4-4,6.0,2023-03-18 17:46:46
温度4-4,16.4,2023-03-18 17:41:46
湿度4-4,6.1,2023-03-18 17:41:46
温度4-4,16.4,2023-03-18 17:36:46
湿度4-4,6.1,2023-03-18 17:36:46
温度4-4,16.4,2023-03-18 17:31:46
湿度4-4,6.3,2023-03-18 17:31:46
温度4-4,16.4,2023-03-18 17:26:46
湿度4-4,6.6,2023-03-18 17:26:46
温度4-4,16.3,2023-03-18 17:21:46
湿度4-4,6.0,2023-03-18 17:21:46
温度4-4,16.4,2023-03-18 17:16:46
湿度4-4,6.0,2023-03-18 17:16:46
温度4-4,16.3,2023-03-18 17:11:46
湿度4-4,6.5,2023-03-18 17:11:46
温度4-4,16.3,2023-03-18 17:06:46
湿度4-4,5.9,2023-03-18 17:06:46
温度4-4,16.3,2023-03-18 17:01:46
湿度4-4,6.2,2023-03-18 17:01:46
温度4-4,16.3,2023-03-18 16:56:46
湿度4-4,6.2,2023-03-18 16:56:46
温度4-4,16.3,2023-03-18 16:51:46
湿度4-4,6.0,2023-03-18 16:51:46
温度4-4,16.3,2023-03-18 16:46:46
湿度4-4,6.6,2023-03-18 16:46:46
温度4-4,16.3,2023-03-18 16:41:46
湿度4-4,5.6,2023-03-18 16:41:46
温度4-4,16.3,2023-03-18 16:36:46
湿度4-4,6.1,2023-03-18 16:36:46
温度4-4,16.3,2023-03-18 16:31:46
湿度4-4,6.2,2023-03-18 16:31:46
温度4-4,16.3,2023-03-18 16:26:46
湿度4-4,6.0,2023-03-18 16:26:46
温度4-4,16.3,2023-03-18 16:21:46
湿度4-4,6.1,2023-03-18 16:21:46
温度4-4,16.3,2023-03-18 16:16:46
湿度4-4,6.1,2023-03-18 16:16:46
温度4-4,16.2,2023-03-18 16:11:46
湿度4-4,6.0,2023-03-18 16:11:46
温度4-4,16.2,2023-03-18 16:06:46
湿度4-4,6.0,2023-03-18 16:06:46
温度4-4,16.2,2023-03-18 16:01:46
湿度4-4,6.0,2023-03-18 16:01:46
温度4-4,16.2,2023-03-18 15:56:46
湿度4-4,6.1,2023-03-18 15:56:46
温度4-4,16.2,2023-03-18 15:51:46
湿度4-4,6.1,2023-03-18 15:51:46
温度4-4,16.2,2023-03-18 15:46:46
湿度4-4,5.7,2023-03-18 15:46:46
温度4-4,16.2,2023-03-18 15:41:46
湿度4-4,6.1,2023-03-18 15:41:46
温度4-4,16.2,2023-03-18 15:36:46
湿度4-4,6.5,2023-03-18 15:36:46
温度4-4,16.2,2023-03-18 15:31:46
湿度4-4,5.9,2023-03-18 15:31:46
温度4-4,16.2,2023-03-18 15:26:46
湿度4-4,6.0,2023-03-18 15:26:46
温度4-4,16.1,2023-03-18 15:21:46
湿度4-4,6.1,2023-03-18 15:21:46
温度4-4,16.1,2023-03-18 15:16:46
湿度4-4,6.0,2023-03-18 15:16:46
温度4-4,16.1,2023-03-18 15:11:46
湿度4-4,6.2,2023-03-18 15:11:46
温度4-4,16.2,2023-03-18 15:06:46
湿度4-4,6.0,2023-03-18 15:06:46
温度4-4,16.1,2023-03-18 15:01:46
湿度4-4,5.9,2023-03-18 15:01:46
温度4-4,16.1,2023-03-18 14:56:46
湿度4-4,6.3,2023-03-18 14:56:46
温度4-4,16.1,2023-03-18 14:51:46
湿度4-4,6.0,2023-03-18 14:51:46
温度4-4,16.1,2023-03-18 14:46:46
湿度4-4,6.1,2023-03-18 14:46:46
温度4-4,16.1,2023-03-18 14:41:46
湿度4-4,6.1,2023-03-18 14:41:46
温度4-4,16.1,2023-03-18 14:36:46
湿度4-4,6.2,2023-03-18 14:36:46
温度4-4,16.1,2023-03-18 14:31:45
湿度4-4,6.0,2023-03-18 14:31:45
温度4-4,16.1,2023-03-18 14:26:45
湿度4-4,6.1,2023-03-18 14:26:45
温度4-4,16.1,2023-03-18 14:21:45
湿度4-4,6.0,2023-03-18 14:21:45
温度4-4,16.1,2023-03-18 14:16:45
湿度4-4,6.0,2023-03-18 14:16:45
温度4-4,16.1,2023-03-18 14:11:45
湿度4-4,6.0,2023-03-18 14:11:45
温度4-4,16.1,2023-03-18 14:06:45
湿度4-4,6.1,2023-03-18 14:06:45
温度4-4,16.1,2023-03-18 14:01:45
湿度4-4,6.0,2023-03-18 14:01:45
温度4-4,16.0,2023-03-18 13:56:45
湿度4-4,6.0,2023-03-18 13:56:45
温度4-4,16.0,2023-03-18 13:51:45
湿度4-4,6.2,2023-03-18 13:51:45
温度4-4,16.0,2023-03-18 13:46:45
湿度4-4,6.1,2023-03-18 13:46:45
温度4-4,16.1,2023-03-18 13:41:45
湿度4-4,6.0,2023-03-18 13:41:45
温度4-4,16.0,2023-03-18 13:36:45
湿度4-4,6.0,2023-03-18 13:36:45
温度4-4,16.0,2023-03-18 13:31:45
湿度4-4,6.0,2023-03-18 13:31:45
温度4-4,16.0,2023-03-18 13:26:45
湿度4-4,6.2,2023-03-18 13:26:45
温度4-4,16.0,2023-03-18 13:21:45
湿度4-4,6.0,2023-03-18 13:21:45
温度4-4,16.0,2023-03-18 13:16:45
湿度4-4,6.0,2023-03-18 13:16:45
温度4-4,16.0,2023-03-18 13:11:45
湿度4-4,6.0,2023-03-18 13:11:45
温度4-4,16.0,2023-03-18 13:06:45
湿度4-4,6.0,2023-03-18 13:06:45
温度4-4,16.0,2023-03-18 13:01:45
湿度4-4,6.0,2023-03-18 13:01:45
温度4-4,16.0,2023-03-18 12:56:45
湿度4-4,6.0,2023-03-18 12:56:45
温度4-4,16.0,2023-03-18 12:51:45
湿度4-4,6.1,2023-03-18 12:51:45
温度4-4,16.0,2023-03-18 12:46:45
湿度4-4,5.9,2023-03-18 12:46:45
温度4-4,15.9,2023-03-18 12:41:45
湿度4-4,6.1,2023-03-18 12:41:45
温度4-4,16.0,2023-03-18 12:36:45
湿度4-4,6.1,2023-03-18 12:36:45
温度4-4,15.9,2023-03-18 12:31:45
湿度4-4,5.9,2023-03-18 12:31:45
温度4-4,16.0,2023-03-18 12:26:45
湿度4-4,6.5,2023-03-18 12:26:45
温度4-4,15.9,2023-03-18 12:21:45
湿度4-4,6.0,2023-03-18 12:21:45
温度4-4,16.0,2023-03-18 12:16:45
湿度4-4,6.0,2023-03-18 12:16:45
温度4-4,15.9,2023-03-18 12:11:45
湿度4-4,5.9,2023-03-18 12:11:45
温度4-4,16.0,2023-03-18 12:06:45
湿度4-4,6.1,2023-03-18 12:06:45
温度4-4,15.9,2023-03-18 12:01:45
湿度4-4,6.6,2023-03-18 12:01:45
温度4-4,15.9,2023-03-18 11:56:45
湿度4-4,6.0,2023-03-18 11:56:45
温度5-5,15.7,2023-03-19 11:51:56
湿度5-5,8.5,2023-03-19 11:51:56
温度5-5,15.7,2023-03-19 11:46:56
湿度5-5,8.7,2023-03-19 11:46:56
温度5-5,15.8,2023-03-19 11:41:56
湿度5-5,8.5,2023-03-19 11:41:56
温度5-5,15.8,2023-03-19 11:36:56
湿度5-5,8.1,2023-03-19 11:36:56
温度5-5,15.8,2023-03-19 11:31:56
湿度5-5,8.5,2023-03-19 11:31:56
温度5-5,15.8,2023-03-19 11:26:56
湿度5-5,8.5,2023-03-19 11:26:56
温度5-5,15.8,2023-03-19 11:21:56
湿度5-5,8.5,2023-03-19 11:21:56
温度5-5,15.8,2023-03-19 11:16:56
湿度5-5,8.5,2023-03-19 11:16:56
温度5-5,15.8,2023-03-19 11:11:56
湿度5-5,8.5,2023-03-19 11:11:56
温度5-5,15.8,2023-03-19 11:06:56
湿度5-5,8.5,2023-03-19 11:06:56
温度5-5,15.8,2023-03-19 11:01:56
湿度5-5,8.3,2023-03-19 11:01:56
温度5-5,15.8,2023-03-19 10:56:56
湿度5-5,9.1,2023-03-19 10:56:56
温度5-5,15.8,2023-03-19 10:51:56
湿度5-5,8.5,2023-03-19 10:51:56
温度5-5,15.8,2023-03-19 10:46:56
湿度5-5,8.4,2023-03-19 10:46:56
温度5-5,15.8,2023-03-19 10:41:56
湿度5-5,8.5,2023-03-19 10:41:56
温度5-5,15.8,2023-03-19 10:36:56
湿度5-5,8.7,2023-03-19 10:36:56
温度5-5,15.8,2023-03-19 10:31:56
湿度5-5,8.7,2023-03-19 10:31:56
温度5-5,15.8,2023-03-19 10:26:56
湿度5-5,8.5,2023-03-19 10:26:56
温度5-5,15.8,2023-03-19 10:21:56
湿度5-5,8.5,2023-03-19 10:21:56
温度5-5,15.8,2023-03-19 10:16:56
湿度5-5,8.5,2023-03-19 10:16:56
温度5-5,15.8,2023-03-19 10:11:56
湿度5-5,8.9,2023-03-19 10:11:56
温度5-5,15.8,2023-03-19 10:06:56
湿度5-5,8.1,2023-03-19 10:06:56
温度5-5,15.8,2023-03-19 10:01:56
湿度5-5,8.5,2023-03-19 10:01:56
温度5-5,15.8,2023-03-19 09:56:56
湿度5-5,8.0,2023-03-19 09:56:56
温度5-5,15.8,2023-03-19 09:51:56
湿度5-5,8.9,2023-03-19 09:51:56
温度5-5,15.8,2023-03-19 09:46:56
湿度5-5,8.3,2023-03-19 09:46:56
温度5-5,15.8,2023-03-19 09:41:56
湿度5-5,8.7,2023-03-19 09:41:56
温度5-5,15.8,2023-03-19 09:36:56
湿度5-5,8.5,2023-03-19 09:36:56
温度5-5,15.8,2023-03-19 09:31:56
湿度5-5,9.0,2023-03-19 09:31:56
温度5-5,15.8,2023-03-19 09:26:56
湿度5-5,8.7,2023-03-19 09:26:56
温度5-5,15.8,2023-03-19 09:21:56
湿度5-5,8.4,2023-03-19 09:21:56
温度5-5,15.8,2023-03-19 09:16:56
湿度5-5,6.6,2023-03-19 09:16:56
温度5-5,15.8,2023-03-19 09:11:56
湿度5-5,7.8,2023-03-19 09:11:56
温度5-5,15.7,2023-03-19 09:06:56
湿度5-5,7.6,2023-03-19 09:06:56
温度5-5,15.7,2023-03-19 09:01:56
湿度5-5,8.7,2023-03-19 09:01:56
温度5-5,15.6,2023-03-19 08:56:56
湿度5-5,8.8,2023-03-19 08:56:56
温度5-5,15.5,2023-03-19 08:51:56
湿度5-5,8.5,2023-03-19 08:51:56
温度5-5,15.2,2023-03-19 08:46:56
湿度5-5,8.2,2023-03-19 08:46:56
温度5-5,15.9,2023-03-19 08:21:00
湿度5-5,8.5,2023-03-19 08:21:00
温度5-5,15.9,2023-03-19 08:16:00
湿度5-5,8.5,2023-03-19 08:16:00
温度5-5,15.9,2023-03-19 08:11:00
湿度5-5,8.5,2023-03-19 08:11:00
温度5-5,15.9,2023-03-19 08:06:00
湿度5-5,8.5,2023-03-19 08:06:00
温度5-5,15.9,2023-03-19 08:01:00
湿度5-5,8.3,2023-03-19 08:01:00
温度5-5,16.0,2023-03-19 07:56:00
湿度5-5,7.4,2023-03-19 07:56:00
温度5-5,15.9,2023-03-19 07:51:00
湿度5-5,8.2,2023-03-19 07:51:00
温度5-5,16.0,2023-03-19 07:46:00
湿度5-5,9.9,2023-03-19 07:46:00
温度5-5,15.9,2023-03-19 07:41:00
湿度5-5,8.7,2023-03-19 07:41:00
温度5-5,16.0,2023-03-19 07:36:00
湿度5-5,8.1,2023-03-19 07:36:00
温度5-5,16.0,2023-03-19 07:31:00
湿度5-5,8.6,2023-03-19 07:31:00
温度5-5,16.0,2023-03-19 07:26:00
湿度5-5,8.8,2023-03-19 07:26:00
温度5-5,16.0,2023-03-19 07:21:00
湿度5-5,8.6,2023-03-19 07:21:00
温度5-5,16.0,2023-03-19 07:16:00
湿度5-5,8.5,2023-03-19 07:16:00
温度5-5,16.0,2023-03-19 07:11:00
湿度5-5,8.6,2023-03-19 07:11:00
温度5-5,16.0,2023-03-19 07:06:00
湿度5-5,9.0,2023-03-19 07:06:00
温度5-5,16.0,2023-03-19 07:01:00
湿度5-5,8.6,2023-03-19 07:01:00
温度5-5,16.0,2023-03-19 06:56:00
湿度5-5,8.5,2023-03-19 06:56:00
温度5-5,16.0,2023-03-19 06:51:00
湿度5-5,8.5,2023-03-19 06:51:00
温度5-5,16.0,2023-03-19 06:46:00
湿度5-5,8.9,2023-03-19 06:46:00
温度5-5,16.0,2023-03-19 06:41:00
湿度5-5,9.0,2023-03-19 06:41:00
温度5-5,16.0,2023-03-19 06:36:00
湿度5-5,8.5,2023-03-19 06:36:00
温度5-5,16.0,2023-03-19 06:31:00
湿度5-5,8.6,2023-03-19 06:31:00
温度5-5,16.0,2023-03-19 06:26:00
湿度5-5,8.6,2023-03-19 06:26:00
温度5-5,16.0,2023-03-19 06:21:00
湿度5-5,8.5,2023-03-19 06:21:00
温度5-5,16.0,2023-03-19 06:16:00
湿度5-5,8.6,2023-03-19 06:16:00
温度5-5,16.1,2023-03-19 06:11:00
湿度5-5,8.6,2023-03-19 06:11:00
温度5-5,16.0,2023-03-19 06:06:00
湿度5-5,10.1,2023-03-19 06:06:00
温度5-5,16.1,2023-03-19 06:01:00
湿度5-5,8.7,2023-03-19 06:01:00
温度5-5,16.1,2023-03-19 05:56:00
湿度5-5,8.6,2023-03-19 05:56:00
温度5-5,16.1,2023-03-19 05:51:00
湿度5-5,9.1,2023-03-19 05:51:00
温度5-5,16.1,2023-03-19 05:46:00
湿度5-5,8.5,2023-03-19 05:46:00
温度5-5,16.1,2023-03-19 05:41:00
湿度5-5,8.5,2023-03-19 05:41:00
温度5-5,16.1,2023-03-19 05:36:00
湿度5-5,8.5,2023-03-19 05:36:00
温度5-5,16.1,2023-03-19 05:31:00
湿度5-5,8.5,2023-03-19 05:31:00
温度5-5,16.1,2023-03-19 05:26:00
湿度5-5,8.6,2023-03-19 05:26:00
温度5-5,16.1,2023-03-19 05:21:00
湿度5-5,7.3,2023-03-19 05:21:00
温度5-5,16.1,2023-03-19 05:16:00
湿度5-5,8.6,2023-03-19 05:16:00
温度5-5,16.1,2023-03-19 05:11:00
湿度5-5,7.5,2023-03-19 05:11:00
温度5-5,16.1,2023-03-19 05:06:00
湿度5-5,8.6,2023-03-19 05:06:00
温度5-5,16.1,2023-03-19 05:01:00
湿度5-5,8.6,2023-03-19 05:01:00
温度5-5,16.1,2023-03-19 04:56:00
湿度5-5,8.9,2023-03-19 04:56:00
温度5-5,16.1,2023-03-19 04:51:00
湿度5-5,8.6,2023-03-19 04:51:00
温度5-5,16.1,2023-03-19 04:46:00
湿度5-5,9.2,2023-03-19 04:46:00
温度5-5,16.1,2023-03-19 04:41:00
湿度5-5,8.6,2023-03-19 04:41:00
温度5-5,16.1,2023-03-19 04:36:00
湿度5-5,8.6,2023-03-19 04:36:00
温度5-5,16.1,2023-03-19 04:31:00
湿度5-5,8.6,2023-03-19 04:31:00
温度5-5,16.1,2023-03-19 04:26:00
湿度5-5,7.7,2023-03-19 04:26:00
温度5-5,16.1,2023-03-19 04:21:00
湿度5-5,8.7,2023-03-19 04:21:00
温度5-5,16.2,2023-03-19 04:16:00
湿度5-5,8.9,2023-03-19 04:16:00
温度5-5,16.1,2023-03-19 04:11:00
湿度5-5,8.6,2023-03-19 04:11:00
温度5-5,16.1,2023-03-19 04:06:00
湿度5-5,8.6,2023-03-19 04:06:00
温度5-5,16.1,2023-03-19 04:01:00
湿度5-5,8.5,2023-03-19 04:01:00
温度5-5,16.1,2023-03-19 03:56:00
湿度5-5,9.1,2023-03-19 03:56:00
温度5-5,16.1,2023-03-19 03:51:00
湿度5-5,10.0,2023-03-19 03:51:00
温度5-5,16.1,2023-03-19 03:46:00
湿度5-5,9.1,2023-03-19 03:46:00
温度5-5,16.1,2023-03-19 03:41:00
湿度5-5,8.6,2023-03-19 03:41:00
温度5-5,16.2,2023-03-19 03:36:00
湿度5-5,8.5,2023-03-19 03:36:00
温度5-5,16.2,2023-03-19 03:31:00
湿度5-5,8.9,2023-03-19 03:31:00
温度5-5,16.2,2023-03-19 03:26:00
湿度5-5,8.6,2023-03-19 03:26:00
温度5-5,16.2,2023-03-19 03:21:00
湿度5-5,8.5,2023-03-19 03:21:00
温度5-5,16.2,2023-03-19 03:16:00
湿度5-5,8.9,2023-03-19 03:16:00
温度5-5,16.2,2023-03-19 03:11:00
湿度5-5,8.7,2023-03-19 03:11:00
温度5-5,16.2,2023-03-19 03:06:00
湿度5-5,8.9,2023-03-19 03:06:00
温度5-5,16.2,2023-03-19 03:01:00
湿度5-5,8.9,2023-03-19 03:01:00
温度5-5,16.2,2023-03-19 02:56:00
湿度5-5,8.2,2023-03-19 02:56:00
温度5-5,16.2,2023-03-19 02:51:00
湿度5-5,7.6,2023-03-19 02:51:00
温度5-5,16.2,2023-03-19 02:46:00
湿度5-5,8.8,2023-03-19 02:46:00
温度5-5,16.2,2023-03-19 02:41:00
湿度5-5,8.6,2023-03-19 02:41:00
温度5-5,16.2,2023-03-19 02:36:00
湿度5-5,8.6,2023-03-19 02:36:00
温度5-5,16.2,2023-03-19 02:31:00
湿度5-5,8.6,2023-03-19 02:31:00
温度5-5,16.2,2023-03-19 02:26:00
湿度5-5,8.6,2023-03-19 02:26:00
温度5-5,16.2,2023-03-19 02:21:00
湿度5-5,8.7,2023-03-19 02:21:00
温度5-5,16.2,2023-03-19 02:16:00
湿度5-5,8.6,2023-03-19 02:16:00
温度5-5,16.2,2023-03-19 02:11:00
湿度5-5,8.6,2023-03-19 02:11:00
温度5-5,16.2,2023-03-19 02:06:00
湿度5-5,8.5,2023-03-19 02:06:00
温度5-5,16.2,2023-03-19 02:01:00
湿度5-5,8.7,2023-03-19 02:01:00
温度5-5,16.2,2023-03-19 01:56:00
湿度5-5,8.7,2023-03-19 01:56:00
温度5-5,16.2,2023-03-19 01:51:00
湿度5-5,9.2,2023-03-19 01:51:00
温度5-5,16.2,2023-03-19 01:46:00
湿度5-5,8.5,2023-03-19 01:46:00
温度5-5,16.2,2023-03-19 01:41:00
湿度5-5,8.6,2023-03-19 01:41:00
温度5-5,16.2,2023-03-19 01:36:00
湿度5-5,9.1,2023-03-19 01:36:00
温度5-5,16.2,2023-03-19 01:31:00
湿度5-5,8.4,2023-03-19 01:31:00
温度5-5,16.2,2023-03-19 01:26:00
湿度5-5,8.5,2023-03-19 01:26:00
温度5-5,16.2,2023-03-19 01:21:00
湿度5-5,8.3,2023-03-19 01:21:00
温度5-5,16.2,2023-03-19 01:16:00
湿度5-5,9.1,2023-03-19 01:16:00
温度5-5,16.2,2023-03-19 01:11:00
湿度5-5,8.7,2023-03-19 01:11:00
温度5-5,16.2,2023-03-19 01:06:00
湿度5-5,8.7,2023-03-19 01:06:00
温度5-5,16.2,2023-03-19 01:01:00
湿度5-5,8.2,2023-03-19 01:01:00
温度5-5,16.2,2023-03-19 00:56:00
湿度5-5,8.7,2023-03-19 00:56:00
温度5-5,16.2,2023-03-19 00:51:00
湿度5-5,8.6,2023-03-19 00:51:00
温度5-5,16.2,2023-03-19 00:46:00
湿度5-5,9.8,2023-03-19 00:46:00
温度5-5,16.2,2023-03-19 00:41:00
湿度5-5,8.6,2023-03-19 00:41:00
温度5-5,16.2,2023-03-19 00:36:00
湿度5-5,8.5,2023-03-19 00:36:00
温度5-5,16.2,2023-03-19 00:31:00
湿度5-5,8.6,2023-03-19 00:31:00
温度5-5,16.2,2023-03-19 00:26:00
湿度5-5,8.6,2023-03-19 00:26:00
温度5-5,16.2,2023-03-19 00:21:00
湿度5-5,8.2,2023-03-19 00:21:00
温度5-5,16.2,2023-03-19 00:16:00
湿度5-5,8.6,2023-03-19 00:16:00
温度5-5,16.2,2023-03-19 00:11:00
湿度5-5,9.6,2023-03-19 00:11:00
温度5-5,16.2,2023-03-19 00:06:00
湿度5-5,8.6,2023-03-19 00:06:00
温度5-5,16.2,2023-03-19 00:01:00
湿度5-5,8.3,2023-03-19 00:01:00
温度5-5,16.2,2023-03-18 23:56:00
湿度5-5,8.9,2023-03-18 23:56:00
温度5-5,16.2,2023-03-18 23:51:00
湿度5-5,8.8,2023-03-18 23:51:00
温度5-5,16.1,2023-03-18 23:46:00
湿度5-5,8.2,2023-03-18 23:46:00
温度5-5,16.1,2023-03-18 23:41:00
湿度5-5,8.6,2023-03-18 23:41:00
温度5-5,16.1,2023-03-18 23:36:00
湿度5-5,8.3,2023-03-18 23:36:00
温度5-5,16.0,2023-03-18 23:31:00
湿度5-5,9.0,2023-03-18 23:31:00
温度5-5,15.8,2023-03-18 23:26:00
湿度5-5,8.6,2023-03-18 23:26:00
温度5-5,15.6,2023-03-18 23:21:00
湿度5-5,8.5,2023-03-18 23:21:00
温度5-5,16.3,2023-03-18 22:56:46
湿度5-5,8.7,2023-03-18 22:56:46
温度5-5,16.3,2023-03-18 22:51:46
湿度5-5,8.7,2023-03-18 22:51:46
温度5-5,16.3,2023-03-18 22:46:46
湿度5-5,8.6,2023-03-18 22:46:46
温度5-5,16.3,2023-03-18 22:41:46
湿度5-5,8.4,2023-03-18 22:41:46
温度5-5,16.3,2023-03-18 22:36:46
湿度5-5,8.1,2023-03-18 22:36:46
温度5-5,16.3,2023-03-18 22:31:46
湿度5-5,8.5,2023-03-18 22:31:46
温度5-5,16.2,2023-03-18 22:26:46
湿度5-5,8.9,2023-03-18 22:26:46
温度5-5,16.2,2023-03-18 22:21:46
湿度5-5,8.6,2023-03-18 22:21:46
温度5-5,16.3,2023-03-18 22:16:46
湿度5-5,8.4,2023-03-18 22:16:46
温度5-5,16.3,2023-03-18 22:11:46
湿度5-5,8.3,2023-03-18 22:11:46
温度5-5,16.3,2023-03-18 22:06:46
湿度5-5,8.6,2023-03-18 22:06:46
温度5-5,16.3,2023-03-18 22:01:46
湿度5-5,8.5,2023-03-18 22:01:46
温度5-5,16.2,2023-03-18 21:56:46
湿度5-5,8.6,2023-03-18 21:56:46
温度5-5,16.3,2023-03-18 21:51:46
湿度5-5,8.6,2023-03-18 21:51:46
温度5-5,16.2,2023-03-18 21:46:46
湿度5-5,8.7,2023-03-18 21:46:46
温度5-5,16.3,2023-03-18 21:41:46
湿度5-5,8.3,2023-03-18 21:41:46
温度5-5,16.2,2023-03-18 21:36:46
湿度5-5,8.3,2023-03-18 21:36:46
温度5-5,16.2,2023-03-18 21:31:46
湿度5-5,9.2,2023-03-18 21:31:46
温度5-5,16.2,2023-03-18 21:26:46
湿度5-5,8.7,2023-03-18 21:26:46
温度5-5,16.2,2023-03-18 21:21:46
湿度5-5,8.5,2023-03-18 21:21:46
温度5-5,16.2,2023-03-18 21:16:46
湿度5-5,8.2,2023-03-18 21:16:46
温度5-5,16.2,2023-03-18 21:11:46
湿度5-5,9.1,2023-03-18 21:11:46
温度5-5,16.2,2023-03-18 21:06:46
湿度5-5,8.7,2023-03-18 21:06:46
温度5-5,16.2,2023-03-18 21:01:46
湿度5-5,8.7,2023-03-18 21:01:46
温度5-5,16.2,2023-03-18 20:56:46
湿度5-5,8.6,2023-03-18 20:56:46
温度5-5,16.2,2023-03-18 20:51:46
湿度5-5,9.4,2023-03-18 20:51:46
温度5-5,16.2,2023-03-18 20:46:46
湿度5-5,8.6,2023-03-18 20:46:46
温度5-5,16.2,2023-03-18 20:41:46
湿度5-5,8.5,2023-03-18 20:41:46
温度5-5,16.2,2023-03-18 20:36:46
湿度5-5,8.5,2023-03-18 20:36:46
温度5-5,16.2,2023-03-18 20:31:46
湿度5-5,7.5,2023-03-18 20:31:46
温度5-5,16.2,2023-03-18 20:26:46
湿度5-5,8.3,2023-03-18 20:26:46
温度5-5,16.2,2023-03-18 20:21:46
湿度5-5,8.5,2023-03-18 20:21:46
温度5-5,16.2,2023-03-18 20:16:46
湿度5-5,8.5,2023-03-18 20:16:46
温度5-5,16.2,2023-03-18 20:11:46
湿度5-5,8.5,2023-03-18 20:11:46
温度5-5,16.2,2023-03-18 20:06:46
湿度5-5,8.4,2023-03-18 20:06:46
温度5-5,16.2,2023-03-18 20:01:46
湿度5-5,8.6,2023-03-18 20:01:46
温度5-5,16.2,2023-03-18 19:56:46
湿度5-5,8.5,2023-03-18 19:56:46
温度5-5,16.2,2023-03-18 19:51:46
湿度5-5,8.5,2023-03-18 19:51:46
温度5-5,16.1,2023-03-18 19:46:46
湿度5-5,8.1,2023-03-18 19:46:46
温度5-5,16.2,2023-03-18 19:41:46
湿度5-5,8.0,2023-03-18 19:41:46
温度5-5,16.1,2023-03-18 19:36:46
湿度5-5,8.2,2023-03-18 19:36:46
温度5-5,16.1,2023-03-18 19:31:46
湿度5-5,8.7,2023-03-18 19:31:46
温度5-5,16.2,2023-03-18 19:26:46
湿度5-5,8.6,2023-03-18 19:26:46
温度5-5,16.1,2023-03-18 19:21:46
湿度5-5,9.6,2023-03-18 19:21:46
温度5-5,16.2,2023-03-18 19:16:46
湿度5-5,8.3,2023-03-18 19:16:46
温度5-5,16.1,2023-03-18 19:11:46
湿度5-5,9.0,2023-03-18 19:11:46
温度5-5,16.1,2023-03-18 19:06:46
湿度5-5,8.5,2023-03-18 19:06:46
温度5-5,16.1,2023-03-18 19:01:46
湿度5-5,8.3,2023-03-18 19:01:46
温度5-5,16.1,2023-03-18 18:56:46
湿度5-5,8.4,2023-03-18 18:56:46
温度5-5,16.1,2023-03-18 18:51:46
湿度5-5,8.4,2023-03-18 18:51:46
温度5-5,16.1,2023-03-18 18:46:46
湿度5-5,8.5,2023-03-18 18:46:46
温度5-5,16.1,2023-03-18 18:41:46
湿度5-5,8.7,2023-03-18 18:41:46
温度5-5,16.1,2023-03-18 18:36:46
湿度5-5,8.0,2023-03-18 18:36:46
温度5-5,16.1,2023-03-18 18:31:46
湿度5-5,7.9,2023-03-18 18:31:46
温度5-5,16.1,2023-03-18 18:26:46
湿度5-5,8.6,2023-03-18 18:26:46
温度5-5,16.1,2023-03-18 18:21:46
湿度5-5,9.0,2023-03-18 18:21:46
温度5-5,16.1,2023-03-18 18:16:46
湿度5-5,8.9,2023-03-18 18:16:46
温度5-5,16.1,2023-03-18 18:11:46
湿度5-5,8.7,2023-03-18 18:11:46
温度5-5,16.1,2023-03-18 18:06:46
湿度5-5,8.7,2023-03-18 18:06:46
温度5-5,16.1,2023-03-18 18:01:46
湿度5-5,8.3,2023-03-18 18:01:46
温度5-5,16.1,2023-03-18 17:56:46
湿度5-5,8.5,2023-03-18 17:56:46
温度5-5,16.1,2023-03-18 17:51:46
湿度5-5,7.8,2023-03-18 17:51:46
温度5-5,16.1,2023-03-18 17:46:46
湿度5-5,8.0,2023-03-18 17:46:46
温度5-5,16.1,2023-03-18 17:41:46
湿度5-5,8.5,2023-03-18 17:41:46
温度5-5,16.1,2023-03-18 17:36:46
湿度5-5,8.5,2023-03-18 17:36:46
温度5-5,16.1,2023-03-18 17:31:46
湿度5-5,8.4,2023-03-18 17:31:46
温度5-5,16.1,2023-03-18 17:26:46
湿度5-5,8.5,2023-03-18 17:26:46
温度5-5,16.1,2023-03-18 17:21:46
湿度5-5,8.7,2023-03-18 17:21:46
温度5-5,16.1,2023-03-18 17:16:46
湿度5-5,7.8,2023-03-18 17:16:46
温度5-5,16.1,2023-03-18 17:11:46
湿度5-5,8.4,2023-03-18 17:11:46
温度5-5,16.1,2023-03-18 17:06:46
湿度5-5,8.4,2023-03-18 17:06:46
温度5-5,16.1,2023-03-18 17:01:46
湿度5-5,7.6,2023-03-18 17:01:46
温度5-5,16.0,2023-03-18 16:56:46
湿度5-5,8.7,2023-03-18 16:56:46
温度5-5,16.0,2023-03-18 16:51:46
湿度5-5,8.2,2023-03-18 16:51:46
温度5-5,16.0,2023-03-18 16:46:46
湿度5-5,8.9,2023-03-18 16:46:46
温度5-5,16.0,2023-03-18 16:41:46
湿度5-5,8.3,2023-03-18 16:41:46
温度5-5,16.0,2023-03-18 16:36:46
湿度5-5,8.7,2023-03-18 16:36:46
温度5-5,16.0,2023-03-18 16:31:46
湿度5-5,8.4,2023-03-18 16:31:46
温度5-5,16.0,2023-03-18 16:26:46
湿度5-5,8.5,2023-03-18 16:26:46
温度5-5,16.1,2023-03-18 16:21:46
湿度5-5,8.4,2023-03-18 16:21:46
温度5-5,16.0,2023-03-18 16:16:46
湿度5-5,7.6,2023-03-18 16:16:46
温度5-5,16.0,2023-03-18 16:11:46
湿度5-5,8.5,2023-03-18 16:11:46
温度5-5,16.0,2023-03-18 16:06:46
湿度5-5,8.6,2023-03-18 16:06:46
温度5-5,16.0,2023-03-18 16:01:46
湿度5-5,8.4,2023-03-18 16:01:46
温度5-5,16.0,2023-03-18 15:56:46
湿度5-5,8.7,2023-03-18 15:56:46
温度5-5,16.0,2023-03-18 15:51:46
湿度5-5,8.6,2023-03-18 15:51:46
温度5-5,16.0,2023-03-18 15:46:46
湿度5-5,8.5,2023-03-18 15:46:46
温度5-5,16.0,2023-03-18 15:41:46
湿度5-5,8.4,2023-03-18 15:41:46
温度5-5,16.0,2023-03-18 15:36:46
湿度5-5,8.6,2023-03-18 15:36:46
温度5-5,16.1,2023-03-18 15:31:46
湿度5-5,8.5,2023-03-18 15:31:46
温度5-5,16.1,2023-03-18 15:26:46
湿度5-5,8.9,2023-03-18 15:26:46
温度5-5,16.0,2023-03-18 15:21:46
湿度5-5,8.5,2023-03-18 15:21:46
温度5-5,16.0,2023-03-18 15:16:46
湿度5-5,8.1,2023-03-18 15:16:46
温度5-5,16.0,2023-03-18 15:11:46
湿度5-5,7.8,2023-03-18 15:11:46
温度5-5,16.0,2023-03-18 15:06:46
湿度5-5,8.4,2023-03-18 15:06:46
温度5-5,16.0,2023-03-18 15:01:46
湿度5-5,8.3,2023-03-18 15:01:46
温度5-5,16.0,2023-03-18 14:56:46
湿度5-5,8.1,2023-03-18 14:56:46
温度5-5,16.0,2023-03-18 14:51:46
湿度5-5,8.5,2023-03-18 14:51:46
温度5-5,16.0,2023-03-18 14:46:46
湿度5-5,7.9,2023-03-18 14:46:46
温度5-5,16.0,2023-03-18 14:41:46
湿度5-5,8.5,2023-03-18 14:41:46
温度5-5,16.0,2023-03-18 14:36:46
湿度5-5,8.4,2023-03-18 14:36:46
温度5-5,16.0,2023-03-18 14:31:45
湿度5-5,8.7,2023-03-18 14:31:45
温度5-5,16.0,2023-03-18 14:26:45
湿度5-5,8.5,2023-03-18 14:26:45
温度5-5,16.0,2023-03-18 14:21:45
湿度5-5,8.6,2023-03-18 14:21:45
温度5-5,16.0,2023-03-18 14:16:45
湿度5-5,8.3,2023-03-18 14:16:45
温度5-5,16.0,2023-03-18 14:11:45
湿度5-5,8.1,2023-03-18 14:11:45
温度5-5,16.0,2023-03-18 14:06:45
湿度5-5,8.6,2023-03-18 14:06:45
温度5-5,16.0,2023-03-18 14:01:45
湿度5-5,7.9,2023-03-18 14:01:45
温度5-5,16.1,2023-03-18 13:56:45
湿度5-5,8.7,2023-03-18 13:56:45
温度5-5,16.0,2023-03-18 13:51:45
湿度5-5,8.1,2023-03-18 13:51:45
温度5-5,16.1,2023-03-18 13:46:45
湿度5-5,8.5,2023-03-18 13:46:45
温度5-5,16.0,2023-03-18 13:41:45
湿度5-5,8.5,2023-03-18 13:41:45
温度5-5,16.0,2023-03-18 13:36:45
湿度5-5,8.5,2023-03-18 13:36:45
温度5-5,16.0,2023-03-18 13:31:45
湿度5-5,8.4,2023-03-18 13:31:45
温度5-5,16.0,2023-03-18 13:26:45
湿度5-5,8.9,2023-03-18 13:26:45
温度5-5,16.0,2023-03-18 13:21:45
湿度5-5,8.5,2023-03-18 13:21:45
温度5-5,16.0,2023-03-18 13:16:45
湿度5-5,9.0,2023-03-18 13:16:45
温度5-5,16.0,2023-03-18 13:11:45
湿度5-5,8.5,2023-03-18 13:11:45
温度5-5,16.1,2023-03-18 13:06:45
湿度5-5,8.5,2023-03-18 13:06:45
温度5-5,16.1,2023-03-18 13:01:45
湿度5-5,8.3,2023-03-18 13:01:45
温度5-5,16.0,2023-03-18 12:56:45
湿度5-5,8.2,2023-03-18 12:56:45
温度5-5,16.1,2023-03-18 12:51:45
湿度5-5,8.5,2023-03-18 12:51:45
温度5-5,16.1,2023-03-18 12:46:45
湿度5-5,8.7,2023-03-18 12:46:45
温度5-5,16.1,2023-03-18 12:41:45
湿度5-5,8.3,2023-03-18 12:41:45
温度5-5,16.1,2023-03-18 12:36:45
湿度5-5,8.5,2023-03-18 12:36:45
温度5-5,16.1,2023-03-18 12:31:45
湿度5-5,8.1,2023-03-18 12:31:45
温度5-5,16.1,2023-03-18 12:26:45
湿度5-5,8.5,2023-03-18 12:26:45
温度5-5,16.1,2023-03-18 12:21:45
湿度5-5,9.1,2023-03-18 12:21:45
温度5-5,16.1,2023-03-18 12:16:45
湿度5-5,8.2,2023-03-18 12:16:45
温度5-5,16.0,2023-03-18 12:11:45
湿度5-5,8.7,2023-03-18 12:11:45
温度5-5,16.1,2023-03-18 12:06:45
湿度5-5,8.5,2023-03-18 12:06:45
温度5-5,16.0,2023-03-18 12:01:45
湿度5-5,8.5,2023-03-18 12:01:45
温度5-5,16.1,2023-03-18 11:56:45
湿度5-5,8.9,2023-03-18 11:56:45
